state,district,age_0_5,age_5_17,age_18_greater,date,total_enrolments
andaman and nicobar islands,andamans,70,5,0,2025-12-09,75
andaman and nicobar islands,nicobar,65,11,0,2025-12-09,76
andaman and nicobar islands,north and middle andaman,128,4,0,2025-12-11,132
andaman and nicobar islands,south andaman,216,12,0,2025-12-11,228
andhra pradesh,adilabad,1137,281,1,2025-12-11,1419
andhra pradesh,alluri sitharama raju,1105,116,34,2025-12-11,1255
andhra pradesh,anakapalli,523,12,8,2025-12-11,543
andhra pradesh,anantapur,8950,636,10,2025-12-11,9596
andhra pradesh,annamayya,868,48,105,2025-12-11,1021
andhra pradesh,bapatla,421,55,16,2025-12-11,492
andhra pradesh,chittoor,7497,659,43,2025-12-11,8199
andhra pradesh,cuddapah,5519,413,2,2025-12-11,5934
andhra pradesh,dr. b. r. ambedkar konaseema,618,30,17,2025-12-11,665
andhra pradesh,east godavari,7161,507,10,2025-12-11,7678
andhra pradesh,eluru,568,45,16,2025-12-11,629
andhra pradesh,guntur,8769,925,35,2025-12-11,9729
andhra pradesh,hyderabad,3831,1008,1,2025-12-11,4840
andhra pradesh,k.v.rangareddy,70,18,0,2025-12-09,88
andhra pradesh,kakinada,858,84,27,2025-12-11,969
andhra pradesh,karimnagar,623,118,0,2025-12-11,741
andhra pradesh,khammam,869,264,0,2025-12-11,1133
andhra pradesh,krishna,6163,540,34,2025-12-11,6737
andhra pradesh,kurnool,10923,823,24,2025-12-11,11770
andhra pradesh,mahabub nagar,1079,432,0,2025-12-11,1511
andhra pradesh,mahabubnagar,7,0,0,2025-11-09,7
andhra pradesh,mahbubnagar,511,211,0,2025-12-11,722
andhra pradesh,medak,1176,229,1,2025-12-11,1406
andhra pradesh,n. t. r,790,97,46,2025-12-11,933
andhra pradesh,nalgonda,951,216,0,2025-12-11,1167
andhra pradesh,nandyal,860,39,6,2025-12-11,905
andhra pradesh,nellore,4611,754,2,2025-12-11,5367
andhra pradesh,nizamabad,453,71,0,2025-12-11,524
andhra pradesh,palnadu,759,76,25,2025-12-11,860
andhra pradesh,parvathipuram manyam,464,36,8,2025-12-11,508
andhra pradesh,prakasam,6405,1157,61,2025-12-11,7623
andhra pradesh,rangareddi,1479,405,0,2025-12-11,1884
andhra pradesh,spsr nellore,1167,713,303,2025-01-07,2183
andhra pradesh,sri potti sriramulu nellore,689,622,303,2025-12-11,1614
andhra pradesh,sri sathya sai,879,40,19,2025-12-11,938
andhra pradesh,srikakulam,4157,135,8,2025-12-11,4300
andhra pradesh,tirupati,802,689,228,2025-12-11,1719
andhra pradesh,visakhapatnam,7874,488,42,2025-12-11,8404
andhra pradesh,vizianagaram,3695,158,3,2025-12-11,3856
andhra pradesh,warangal,858,201,0,2025-12-11,1059
andhra pradesh,west godavari,5568,343,24,2025-12-11,5935
andhra pradesh,y. s. r,738,52,33,2025-12-11,823
arunachal pradesh,anjaw,23,11,3,2025-12-11,37
arunachal pradesh,changlang,486,304,13,2025-12-11,803
arunachal pradesh,dibang valley,7,3,0,2025-08-11,10
arunachal pradesh,east kameng,88,79,14,2025-12-11,181
arunachal pradesh,east siang,80,86,2,2025-12-11,168
arunachal pradesh,kamle,3,25,2,2025-08-11,30
arunachal pradesh,kra daadi,18,59,4,2025-10-09,81
arunachal pradesh,kurung kumey,19,44,12,2025-12-11,75
arunachal pradesh,leparada,0,2,1,2025-09-09,3
arunachal pradesh,lohit,102,63,1,2025-12-11,166
arunachal pradesh,longding,141,719,37,2025-12-11,897
arunachal pradesh,lower dibang valley,58,49,2,2025-12-11,109
arunachal pradesh,lower siang,10,18,3,2025-10-11,31
arunachal pradesh,lower subansiri,50,55,0,2025-12-11,105
arunachal pradesh,namsai,95,54,1,2025-12-11,150
arunachal pradesh,pakke kessang,2,1,1,,4
arunachal pradesh,papum pare,201,241,5,2025-12-11,447
arunachal pradesh,shi-yomi,8,22,5,2025-11-11,35
arunachal pradesh,siang,39,60,4,2025-12-09,103
arunachal pradesh,tawang,104,43,7,2025-12-11,154
arunachal pradesh,tirap,59,39,1,2025-12-11,99
arunachal pradesh,upper siang,21,21,1,2025-12-09,43
arunachal pradesh,upper subansiri,76,55,12,2025-12-11,143
arunachal pradesh,west kameng,157,103,18,2025-12-11,278
arunachal pradesh,west siang,110,80,2,2025-12-11,192
assam,bajali,19,8,2,2025-12-09,29
assam,baksa,2120,1179,400,2025-12-11,3699
assam,barpeta,10545,3306,532,2025-12-11,14383
assam,biswanath,789,464,76,2025-12-11,1329
assam,bongaigaon,2324,626,225,2025-12-11,3175
assam,cachar,11474,4513,1527,2025-12-11,17514
assam,charaideo,659,336,194,2025-12-11,1189
assam,chirang,2013,1071,264,2025-12-11,3348
assam,darrang,4390,1914,1291,2025-12-11,7595
assam,dhemaji,3864,1846,1191,2025-12-11,6901
assam,dhubri,8432,3849,365,2025-12-11,12646
assam,dibrugarh,3895,1675,1492,2025-12-11,7062
assam,dima hasao,119,103,28,2025-12-11,250
assam,goalpara,6881,2220,797,2025-12-11,9898
assam,golaghat,5537,4047,1921,2025-12-11,11505
assam,hailakandi,3826,1441,311,2025-12-11,5578
assam,hojai,5288,1607,155,2025-12-11,7050
assam,jorhat,2905,1122,860,2025-12-11,4887
assam,kamrup,9311,3370,985,2025-12-11,13666
assam,kamrup metro,2654,2055,1337,2025-12-11,6046
assam,karbi anglong,2918,4107,1082,2025-12-11,8107
assam,karimganj,9336,4903,594,2025-12-11,14833
assam,kokrajhar,2519,1572,518,2025-12-11,4609
assam,lakhimpur,4726,1825,648,2025-12-11,7199
assam,majuli,347,157,11,2025-12-11,515
assam,marigaon,6735,2928,824,2025-12-11,10487
assam,nagaon,9002,3478,393,2025-12-11,12873
assam,nalbari,2709,977,195,2025-12-11,3881
assam,north cachar hills,501,420,137,2025-12-11,1058
assam,sibsagar,1561,514,662,2025-12-11,2737
assam,sivasagar,204,113,105,2025-01-07,422
assam,sonitpur,5501,2723,973,2025-12-11,9197
assam,south salmara mankachar,1062,364,46,2025-12-11,1472
assam,sribhumi,115,43,11,2025-12-11,169
assam,tamulpur district,22,33,0,2025-12-11,55
assam,tinsukia,3884,2867,1633,2025-12-11,8384
assam,udalguri,2658,1322,585,2025-12-11,4565
assam,west karbi anglong,390,987,507,2025-12-11,1884
bihar,araria,9939,5515,125,2025-12-11,15579
bihar,arwal,812,3020,34,2025-12-11,3866
bihar,aurangabad,3001,7096,73,2025-12-11,10170
bihar,aurangabad(bh),49,64,0,2025-12-09,113
bihar,banka,6198,4797,79,2025-12-11,11074
bihar,begusarai,8106,5045,58,2025-12-11,13209
bihar,bhabua,14,17,0,2025-11-09,31
bihar,bhagalpur,10456,10229,377,2025-12-11,21062
bihar,bhojpur,3136,10115,106,2025-12-11,13357
bihar,buxar,2528,4648,64,2025-12-11,7240
bihar,darbhanga,10017,5677,71,2025-12-11,15765
bihar,east champaran,10147,18371,805,2025-12-11,29323
bihar,gaya,6722,20244,435,2025-12-11,27401
bihar,gopalganj,5303,9649,196,2025-12-11,15148
bihar,jamui,5193,5029,160,2025-12-11,10382
bihar,jehanabad,915,3827,141,2025-12-11,4883
bihar,kaimur (bhabua),3033,4707,85,2025-12-11,7825
bihar,katihar,11332,4903,115,2025-12-11,16350
bihar,khagaria,4348,3779,69,2025-12-11,8196
bihar,kishanganj,6957,1782,25,2025-12-11,8764
bihar,lakhisarai,2664,3423,68,2025-12-11,6155
bihar,madhepura,4571,4417,39,2025-12-11,9027
bihar,madhubani,12598,12534,798,2025-12-11,25930
bihar,monghyr,29,20,0,2025-12-09,49
bihar,munger,2445,3534,108,2025-12-11,6087
bihar,muzaffarpur,14087,14103,665,2025-12-11,28855
bihar,nalanda,3676,10763,136,2025-12-11,14575
bihar,nawada,2742,12380,291,2025-12-11,15413
bihar,pashchim champaran,5060,10737,562,2025-12-09,16359
bihar,patna,6745,17151,748,2025-12-11,24644
bihar,purba champaran,61,66,0,2025-12-11,127
bihar,purbi champaran,4000,10071,800,2025-09-03,14871
bihar,purnia,12364,7809,184,2025-12-11,20357
bihar,rohtas,2741,5120,78,2025-12-11,7939
bihar,saharsa,6281,6577,205,2025-12-11,13063
bihar,samastipur,11289,7787,131,2025-12-11,19207
bihar,samstipur,41,41,0,2025-10-11,82
bihar,saran,7592,16407,219,2025-12-11,24218
bihar,sheikhpura,1244,1934,21,2025-12-11,3199
bihar,sheikpura,11,18,0,2025-10-11,29
bihar,sheohar,2067,1184,11,2025-12-11,3262
bihar,sitamarhi,20679,18856,2697,2025-12-11,42232
bihar,siwan,6149,9025,137,2025-12-11,15311
bihar,supaul,5691,4563,157,2025-12-11,10411
bihar,vaishali,8257,9698,52,2025-12-11,18007
bihar,west champaran,11585,18070,783,2025-12-11,30438
chandigarh,chandigarh,2473,211,36,2025-12-11,2720
chandigarh,rupnagar,3,0,0,2025-05-11,3
chhattisgarh,balod,1603,71,4,2025-12-11,1678
chhattisgarh,baloda bazar,4349,562,33,2025-12-11,4944
chhattisgarh,balrampur,4593,1528,69,2025-12-11,6190
chhattisgarh,bastar,4794,1808,6,2025-12-11,6608
chhattisgarh,bemetara,2458,302,11,2025-12-11,2771
chhattisgarh,bijapur,3601,1761,1362,2025-12-11,6724
chhattisgarh,bilaspur,7490,1432,19,2025-12-11,8941
chhattisgarh,dakshin bastar dantewada,1028,172,24,2025-12-11,1224
chhattisgarh,dantewada,584,126,0,2025-12-11,710
chhattisgarh,dhamtari,1876,89,3,2025-12-11,1968
chhattisgarh,durg,3528,520,47,2025-12-11,4095
chhattisgarh,gariyaband,1307,229,6,2025-12-11,1542
chhattisgarh,gaurela-pendra-marwahi,115,20,5,2025-12-11,140
chhattisgarh,gaurella pendra marwahi,623,290,70,2025-01-07,983
chhattisgarh,janjgir - champa,32,1,0,2025-12-09,33
chhattisgarh,janjgir champa,21,4,0,2025-11-09,25
chhattisgarh,janjgir-champa,4066,572,1,2025-12-11,4639
chhattisgarh,jashpur,1666,875,2,2025-12-11,2543
chhattisgarh,kabeerdham,860,92,3,2025-12-11,955
chhattisgarh,kanker,1426,277,2,2025-12-11,1705
chhattisgarh,kawardha,1884,257,1,2025-12-11,2142
chhattisgarh,khairagarh chhuikhadan gandai,183,63,0,2025-12-11,246
chhattisgarh,kondagaon,1975,1054,9,2025-12-11,3038
chhattisgarh,korba,3040,489,13,2025-12-11,3542
chhattisgarh,koriya,1258,504,1,2025-12-11,1763
chhattisgarh,mahasamund,2773,563,25,2025-12-11,3361
chhattisgarh,manendragarh–chirmiri–bharatpur,188,106,0,2025-12-11,294
chhattisgarh,mohalla-manpur-ambagarh chowki,10,4,0,2025-11-09,14
chhattisgarh,mohla-manpur-ambagarh chouki,162,93,4,2025-12-11,259
chhattisgarh,mungeli,2600,355,2,2025-12-11,2957
chhattisgarh,narayanpur,448,306,8,2025-12-11,762
chhattisgarh,raigarh,4294,625,37,2025-12-11,4956
chhattisgarh,raipur,6205,779,57,2025-12-11,7041
chhattisgarh,rajnandgaon,3791,371,23,2025-12-11,4185
chhattisgarh,sakti,373,80,2,2025-12-11,455
chhattisgarh,sarangarh-bilaigarh,159,24,3,2025-12-11,186
chhattisgarh,sukma,1256,804,119,2025-12-11,2179
chhattisgarh,surajpur,2250,720,7,2025-12-11,2977
chhattisgarh,surguja,2866,679,11,2025-12-11,3556
chhattisgarh,uttar bastar kanker,718,162,8,2025-12-11,888
dadra and nagar haveli and daman and diu,dadra & nagar haveli,22,3,0,2025-11-11,25
dadra and nagar haveli and daman and diu,dadra and nagar haveli,739,81,12,2025-12-11,832
dadra and nagar haveli and daman and diu,daman,104,17,9,2025-11-11,130
dadra and nagar haveli and daman and diu,diu,84,8,4,2025-12-11,96
delhi,central delhi,2761,993,193,2025-12-11,3947
delhi,east delhi,8055,2458,223,2025-12-11,10736
delhi,najafgarh,21,9,0,2025-12-09,30
delhi,new delhi,918,502,217,2025-12-11,1637
delhi,north delhi,3148,1230,81,2025-12-11,4459
delhi,north east,1328,408,2,2025-12-11,1738
delhi,north east   *,2,0,0,,2
delhi,north east delhi,8299,3749,65,2025-12-11,12113
delhi,north west delhi,12395,3293,355,2025-12-11,16043
delhi,shahdara,1121,515,64,2025-12-11,1700
delhi,south delhi,10138,2780,477,2025-12-11,13395
delhi,south east delhi,46,9,5,2025-12-11,60
delhi,south west delhi,6951,1945,359,2025-12-11,9255
delhi,west delhi,14000,4405,1009,2025-12-11,19414
goa,bardez,2,0,0,,2
goa,north goa,1109,146,99,2025-12-11,1354
goa,south goa,805,108,64,2025-12-11,977
gujarat,ahmadabad,4105,2322,240,2025-12-11,6667
gujarat,ahmedabad,12844,5679,607,2025-12-11,19130
gujarat,amreli,3460,587,246,2025-12-11,4293
gujarat,anand,5616,828,536,2025-12-11,6980
gujarat,arvalli,1952,322,117,2025-12-11,2391
gujarat,banas kantha,5997,6719,782,2025-12-09,13498
gujarat,banaskantha,9944,5781,1635,2025-12-11,17360
gujarat,bharuch,3745,508,98,2025-12-11,4351
gujarat,bhavnagar,8420,1309,445,2025-12-11,10174
gujarat,botad,2302,474,171,2025-12-11,2947
gujarat,chhotaudepur,2215,1303,589,2025-12-11,4107
gujarat,dahod,5341,3891,1277,2025-12-11,10509
gujarat,dang,531,179,162,2025-01-07,872
gujarat,devbhumi dwarka,1845,422,223,2025-12-11,2490
gujarat,dohad,5003,7330,670,2025-12-11,13003
gujarat,gandhinagar,4075,837,738,2025-12-11,5650
gujarat,gir somnath,4375,975,373,2025-12-11,5723
gujarat,jamnagar,4998,799,281,2025-12-11,6078
gujarat,junagadh,4876,568,92,2025-12-11,5536
gujarat,kachchh,6176,2605,521,2025-12-11,9302
gujarat,kheda,5826,1224,517,2025-12-11,7567
gujarat,mahesana,5289,908,293,2025-12-11,6490
gujarat,mahisagar,2036,397,130,2025-12-11,2563
gujarat,morbi,5548,1803,653,2025-12-11,8004
gujarat,narmada,1155,96,29,2025-12-11,1280
gujarat,navsari,2453,201,103,2025-12-11,2757
gujarat,panch mahals,858,444,100,2025-12-11,1402
gujarat,panchmahals,4828,1122,329,2025-12-11,6279
gujarat,patan,6023,2228,716,2025-12-11,8967
gujarat,porbandar,2006,332,181,2025-12-11,2519
gujarat,rajkot,12419,3732,919,2025-12-11,17070
gujarat,sabar kantha,1083,1197,157,2025-12-11,2437
gujarat,sabarkantha,3603,1173,339,2025-12-11,5115
gujarat,surat,18412,6399,658,2025-12-11,25469
gujarat,surendra nagar,4853,1665,337,2025-12-11,6855
gujarat,surendranagar,771,593,78,2025-12-11,1442
gujarat,tapi,1856,205,151,2025-12-11,2212
gujarat,the dangs,1068,186,74,2025-12-11,1328
gujarat,vadodara,9306,2433,545,2025-12-11,12284
gujarat,valsad,5818,1406,224,2025-12-11,7448
haryana,ambala,3063,122,33,2025-12-11,3218
haryana,bhiwani,3321,152,16,2025-12-11,3489
haryana,charkhi dadri,839,19,0,2025-12-11,858
haryana,faridabad,12607,3225,323,2025-12-11,16155
haryana,fatehabad,2510,92,10,2025-12-11,2612
haryana,gurgaon,5417,1247,197,2025-12-11,6861
haryana,gurugram,1804,625,207,2025-09-03,2636
haryana,hisar,4927,289,18,2025-12-11,5234
haryana,jhajjar,2515,100,10,2025-12-11,2625
haryana,jind,3729,92,0,2025-12-11,3821
haryana,kaithal,2894,85,12,2025-12-11,2991
haryana,karnal,3861,179,8,2025-12-11,4048
haryana,kurukshetra,2315,78,11,2025-12-11,2404
haryana,mahendragarh,2575,155,24,2025-12-11,2754
haryana,mewat,6989,550,19,2025-12-11,7558
haryana,nuh,1251,213,42,2025-01-06,1506
haryana,palwal,4367,332,4,2025-12-11,4703
haryana,panchkula,1287,92,5,2025-12-11,1384
haryana,panipat,5498,543,47,2025-12-11,6088
haryana,rewari,2329,150,6,2025-12-11,2485
haryana,rohtak,3161,191,61,2025-12-11,3413
haryana,sirsa,3135,198,2,2025-12-11,3335
haryana,sonipat,4314,268,37,2025-12-11,4619
haryana,yamuna nagar,3278,110,8,2025-12-11,3396
haryana,yamunanagar,56,3,0,2025-11-11,59
himachal pradesh,bilaspur,985,14,0,2025-12-11,999
himachal pradesh,chamba,1586,64,7,2025-12-11,1657
himachal pradesh,hamirpur,1181,16,1,2025-12-11,1198
himachal pradesh,kangra,3869,75,22,2025-12-11,3966
himachal pradesh,kinnaur,137,21,5,2025-12-11,163
himachal pradesh,kullu,1022,111,106,2025-12-11,1239
himachal pradesh,lahaul and spiti,3,0,0,,3
himachal pradesh,lahul & spiti,36,2,0,2025-12-09,38
himachal pradesh,lahul and spiti,31,1,0,2025-11-11,32
himachal pradesh,mandi,2460,43,11,2025-12-11,2514
himachal pradesh,shimla,1488,161,21,2025-12-11,1670
himachal pradesh,sirmaur,1510,67,7,2025-12-11,1584
himachal pradesh,solan,1105,65,6,2025-12-11,1176
himachal pradesh,una,1226,21,0,2025-12-11,1247
jammu and kashmir,anantnag,2978,341,35,2025-12-11,3354
jammu and kashmir,badgam,1674,192,1,2025-12-11,1867
jammu and kashmir,bandipore,1288,308,43,2025-12-11,1639
jammu and kashmir,bandipur,2,0,0,,2
jammu and kashmir,baramula,3198,532,64,2025-12-11,3794
jammu and kashmir,budgam,793,51,15,2025-12-11,859
jammu and kashmir,doda,3449,1023,32,2025-12-11,4504
jammu and kashmir,ganderbal,773,59,11,2025-12-11,843
jammu and kashmir,jammu,3749,835,36,2025-12-11,4620
jammu and kashmir,kargil,388,141,1,2025-12-11,530
jammu and kashmir,kathua,2643,310,9,2025-12-11,2962
jammu and kashmir,kishtwar,1058,205,6,2025-12-11,1269
jammu and kashmir,kulgam,970,232,9,2025-12-11,1211
jammu and kashmir,kupwara,2400,444,40,2025-12-11,2884
jammu and kashmir,leh,163,42,1,2025-12-11,206
jammu and kashmir,leh (ladakh),3,0,0,,3
jammu and kashmir,pulwama,1742,118,15,2025-12-11,1875
jammu and kashmir,punch,2065,548,17,2025-12-11,2630
jammu and kashmir,rajauri,1,1,0,2025-11-11,2
jammu and kashmir,rajouri,2071,594,9,2025-12-11,2674
jammu and kashmir,ramban,1317,597,6,2025-12-11,1920
jammu and kashmir,reasi,1136,570,9,2025-12-11,1715
jammu and kashmir,samba,532,47,9,2025-12-11,588
jammu and kashmir,shopian,308,84,20,2025-01-07,412
jammu and kashmir,shupiyan,537,128,1,2025-12-11,666
jammu and kashmir,srinagar,2853,271,135,2025-12-11,3259
jammu and kashmir,udhampur,2448,349,11,2025-12-11,2808
jharkhand,bokaro,3505,2278,17,2025-12-11,5800
jharkhand,bokaro *,2,0,0,,2
jharkhand,chatra,3448,2819,35,2025-12-11,6302
jharkhand,deoghar,4518,3679,127,2025-12-11,8324
jharkhand,dhanbad,6878,4061,92,2025-12-11,11031
jharkhand,dumka,2743,2996,86,2025-12-11,5825
jharkhand,east singhbhum,5983,2109,99,2025-12-11,8191
jharkhand,east singhbum,848,546,53,2025-01-07,1447
jharkhand,garhwa,4523,1535,15,2025-12-11,6073
jharkhand,garhwa *,314,67,0,2025-12-11,381
jharkhand,giridih,7695,6526,82,2025-12-11,14303
jharkhand,godda,3238,2135,17,2025-12-11,5390
jharkhand,gumla,4083,2524,94,2025-12-11,6701
jharkhand,hazaribag,358,208,0,2025-12-11,566
jharkhand,hazaribagh,4125,2048,31,2025-12-11,6204
jharkhand,jamtara,3160,1274,16,2025-12-11,4450
jharkhand,khunti,1426,1173,45,2025-12-11,2644
jharkhand,kodarma,184,126,0,2025-12-11,310
jharkhand,koderma,2096,1114,12,2025-12-11,3222
jharkhand,latehar,1675,923,11,2025-12-11,2609
jharkhand,lohardaga,1984,919,56,2025-12-11,2959
jharkhand,pakaur,197,100,0,2025-12-11,297
jharkhand,pakur,3971,2908,45,2025-12-11,6924
jharkhand,palamau,220,66,0,2025-12-11,286
jharkhand,palamu,6548,1994,64,2025-12-11,8606
jharkhand,pashchimi singhbhum,346,252,1,2025-12-11,599
jharkhand,purbi singhbhum,814,172,0,2025-12-11,986
jharkhand,ramgarh,1902,1066,11,2025-12-11,2979
jharkhand,ranchi,9318,4613,334,2025-12-11,14265
jharkhand,sahebganj,3636,2670,15,2025-12-11,6321
jharkhand,sahibganj,187,178,0,2025-12-11,365
jharkhand,seraikela-kharsawan,2943,1277,30,2025-12-11,4250
jharkhand,simdega,1472,594,13,2025-12-11,2079
jharkhand,west singhbhum,4211,2589,48,2025-12-11,6848
karnataka,bagalkot,6158,900,84,2025-12-11,7142
karnataka,bagalkot *,218,31,0,2025-12-11,249
karnataka,ballari,2450,267,64,2025-12-11,2781
karnataka,bangalore,5776,1236,4,2025-12-11,7016
karnataka,bangalore rural,2251,267,126,2025-12-11,2644
karnataka,belagavi,7063,622,120,2025-12-11,7805
karnataka,belgaum,5861,880,2,2025-12-11,6743
karnataka,bellary,3623,596,1,2025-12-11,4220
karnataka,bengaluru,20441,6732,3807,2025-12-11,30980
karnataka,bengaluru rural,1439,730,621,2025-01-07,2790
karnataka,bengaluru south,15,183,5,2025-12-11,203
karnataka,bengaluru urban,12111,7167,3796,2025-09-03,23074
karnataka,bidar,3960,896,64,2025-12-11,4920
karnataka,bijapur,3296,930,5,2025-12-11,4231
karnataka,bijapur(kar),3,0,0,,3
karnataka,chamarajanagar,232,17,0,2025-12-09,249
karnataka,chamarajanagar *,23,0,0,2025-12-09,23
karnataka,chamrajanagar,1988,216,23,2025-12-11,2227
karnataka,chamrajnagar,356,24,0,2025-12-11,380
karnataka,chickmagalur,1129,102,0,2025-12-11,1231
karnataka,chikkaballapur,2842,296,14,2025-12-11,3152
karnataka,chikkamagaluru,1018,95,38,2025-12-11,1151
karnataka,chikmagalur,145,9,0,2025-12-11,154
karnataka,chitradurga,4042,326,45,2025-12-11,4413
karnataka,dakshina kannada,5896,530,79,2025-12-11,6505
karnataka,davanagere,437,46,0,2025-12-11,483
karnataka,davangere,4416,352,45,2025-12-11,4813
karnataka,dharwad,4733,351,19,2025-12-11,5103
karnataka,gadag,4088,349,20,2025-12-11,4457
karnataka,gadag *,135,10,0,2025-12-09,145
karnataka,gulbarga,3650,703,3,2025-12-11,4356
karnataka,hasan,944,49,0,2025-12-11,993
karnataka,hassan,2333,142,19,2025-12-11,2494
karnataka,haveri,3917,266,59,2025-12-11,4242
karnataka,haveri *,111,6,0,2025-12-09,117
karnataka,kalaburagi,4096,602,84,2025-12-11,4782
karnataka,kodagu,1095,75,41,2025-12-11,1211
karnataka,kolar,3841,314,31,2025-12-11,4186
karnataka,koppal,4752,650,49,2025-12-11,5451
karnataka,mandya,3401,150,43,2025-12-11,3594
karnataka,mysore,2857,214,2,2025-12-11,3073
karnataka,mysuru,3650,463,248,2025-12-11,4361
karnataka,raichur,7619,2056,104,2025-12-11,9779
karnataka,ramanagar,2559,379,11,2025-12-11,2949
karnataka,ramanagara,168,24,12,2025-01-07,204
karnataka,shimoga,2111,149,0,2025-12-11,2260
karnataka,shivamogga,2004,182,43,2025-12-11,2229
karnataka,tumakuru,2792,161,47,2025-12-11,3000
karnataka,tumkur,2754,188,0,2025-12-11,2942
karnataka,udupi,3338,210,43,2025-12-11,3591
karnataka,udupi *,2,0,0,2025-02-11,2
karnataka,uttara kannada,3219,221,30,2025-12-11,3470
karnataka,vijayanagara,1822,241,56,2025-12-11,2119
karnataka,vijayapura,4662,842,92,2025-12-11,5596
karnataka,yadgir,5420,1416,111,2025-12-11,6947
kerala,alappuzha,2536,892,131,2025-12-11,3559
kerala,ernakulam,4185,1807,332,2025-12-11,6324
kerala,idukki,1399,271,28,2025-12-11,1698
kerala,kannur,4013,1722,230,2025-12-11,5965
kerala,kasaragod,2695,798,62,2025-12-11,3555
kerala,kasargod,251,64,0,2025-12-11,315
kerala,kollam,3814,1042,213,2025-12-11,5069
kerala,kottayam,2465,804,52,2025-12-11,3321
kerala,kozhikode,4587,1914,203,2025-12-11,6704
kerala,malappuram,10205,4116,246,2025-12-11,14567
kerala,palakkad,5174,1381,169,2025-12-11,6724
kerala,pathanamthitta,1398,480,73,2025-12-11,1951
kerala,thiruvananthapuram,4836,1394,433,2025-12-11,6663
kerala,thrissur,4914,1672,485,2025-12-11,7071
kerala,wayanad,1265,233,18,2025-12-11,1516
ladakh,kargil,365,120,7,2025-12-11,492
ladakh,leh,101,13,11,2025-12-09,125
lakshadweep,lakshadweep,192,10,1,2025-12-09,203
madhya pradesh,agar malwa,2087,421,29,2025-12-11,2537
madhya pradesh,alirajpur,3251,3390,369,2025-12-11,7010
madhya pradesh,anuppur,2864,349,13,2025-12-11,3226
madhya pradesh,ashok nagar,3726,1285,167,2025-12-11,5178
madhya pradesh,ashoknagar,1594,1323,94,2025-01-07,3011
madhya pradesh,balaghat,6237,540,28,2025-12-11,6805
madhya pradesh,barwani,12801,8355,667,2025-12-11,21823
madhya pradesh,betul,6829,1207,130,2025-12-11,8166
madhya pradesh,bhind,8483,4845,639,2025-12-11,13967
madhya pradesh,bhopal,11256,1452,154,2025-12-11,12862
madhya pradesh,burhanpur,6542,2759,388,2025-12-11,9689
madhya pradesh,chhatarpur,11504,5965,367,2025-12-11,17836
madhya pradesh,chhindwara,8308,625,48,2025-12-11,8981
madhya pradesh,damoh,5081,938,47,2025-12-11,6066
madhya pradesh,datia,3995,1805,43,2025-12-11,5843
madhya pradesh,dewas,8393,1958,91,2025-12-11,10442
madhya pradesh,dhar,8734,3553,425,2025-12-11,12712
madhya pradesh,dindori,2409,249,1,2025-12-11,2659
madhya pradesh,east nimar,2338,1500,21,2025-12-11,3859
madhya pradesh,guna,7496,2249,66,2025-12-11,9811
madhya pradesh,gwalior,12110,5602,830,2025-12-11,18542
madhya pradesh,harda,1733,383,18,2025-12-11,2134
madhya pradesh,harda *,503,107,0,2025-12-11,610
madhya pradesh,hoshangabad,5158,812,12,2025-12-11,5982
madhya pradesh,indore,16685,5009,609,2025-12-11,22303
madhya pradesh,jabalpur,10653,1713,101,2025-12-11,12467
madhya pradesh,jhabua,6586,6570,332,2025-12-11,13488
madhya pradesh,katni,8413,2410,118,2025-12-11,10941
madhya pradesh,khandwa,3207,1232,82,2025-12-11,4521
madhya pradesh,khargone,9870,4663,506,2025-12-11,15039
madhya pradesh,maihar,378,20,20,2025-12-11,418
madhya pradesh,mandla,4645,261,5,2025-12-11,4911
madhya pradesh,mandsaur,7444,808,24,2025-12-11,8276
madhya pradesh,mauganj,379,58,1,2025-12-11,438
madhya pradesh,morena,14064,7647,670,2025-12-11,22381
madhya pradesh,narmadapuram,608,100,29,2025-12-11,737
madhya pradesh,narsimhapur,966,223,0,2025-12-11,1189
madhya pradesh,narsinghpur,3860,1222,92,2025-12-11,5174
madhya pradesh,neemuch,4183,764,17,2025-12-11,4964
madhya pradesh,niwari,117,16,9,2025-12-09,142
madhya pradesh,pandhurna,66,4,28,2025-12-11,98
madhya pradesh,panna,6807,2404,128,2025-12-11,9339
madhya pradesh,raisen,6215,1230,122,2025-12-11,7567
madhya pradesh,rajgarh,6542,1594,35,2025-12-11,8171
madhya pradesh,ratlam,6427,1478,77,2025-12-11,7982
madhya pradesh,rewa,9346,1463,29,2025-12-11,10838
madhya pradesh,sagar,11572,1882,387,2025-12-11,13841
madhya pradesh,satna,11198,1946,132,2025-12-11,13276
madhya pradesh,sehore,5155,1308,55,2025-12-11,6518
madhya pradesh,seoni,5558,513,10,2025-12-11,6081
madhya pradesh,shahdol,4410,828,59,2025-12-11,5297
madhya pradesh,shajapur,5937,1070,18,2025-12-11,7025
madhya pradesh,sheopur,3765,3326,139,2025-12-11,7230
madhya pradesh,shivpuri,7127,4867,747,2025-12-11,12741
madhya pradesh,sidhi,5606,671,15,2025-12-11,6292
madhya pradesh,singrauli,5669,859,22,2025-12-11,6550
madhya pradesh,tikamgarh,5674,1539,29,2025-12-11,7242
madhya pradesh,ujjain,12450,1763,95,2025-12-11,14308
madhya pradesh,umaria,4360,906,34,2025-12-11,5300
madhya pradesh,vidisha,7998,2206,170,2025-12-11,10374
madhya pradesh,west nimar,618,136,6,2025-12-11,760
maharashtra,ahilyanagar,12,1,0,,13
maharashtra,ahmadnagar,9369,2338,129,2025-12-11,11836
maharashtra,ahmed nagar,277,63,0,2025-12-11,340
maharashtra,ahmednagar,182,158,28,2025-01-07,368
maharashtra,akola,3966,693,49,2025-12-11,4708
maharashtra,amravati,5783,1025,107,2025-12-11,6915
maharashtra,aurangabad,12374,4874,145,2025-12-11,17393
maharashtra,beed,7454,2461,270,2025-12-11,10185
maharashtra,bhandara,1842,55,6,2025-12-11,1903
maharashtra,bid,439,129,0,2025-12-11,568
maharashtra,buldana,963,112,0,2025-12-11,1075
maharashtra,buldhana,5849,1093,142,2025-12-11,7084
maharashtra,chandrapur,4014,375,86,2025-12-11,4475
maharashtra,chatrapati sambhaji nagar,114,81,16,2025-12-11,211
maharashtra,chhatrapati sambhajinagar,411,365,234,2025-12-11,1010
maharashtra,dharashiv,89,28,27,2025-12-11,144
maharashtra,dhule,7244,4842,519,2025-12-11,12605
maharashtra,gadchiroli,2084,268,22,2025-12-11,2374
maharashtra,gondia,25,4,0,2025-12-11,29
maharashtra,gondiya,2780,104,6,2025-12-11,2890
maharashtra,gondiya *,53,4,0,2025-11-11,57
maharashtra,hingoli,6359,1457,373,2025-12-11,8189
maharashtra,hingoli *,1,0,0,,1
maharashtra,jalgaon,10454,2579,227,2025-12-11,13260
maharashtra,jalna,4627,944,19,2025-12-11,5590
maharashtra,kolhapur,6423,985,72,2025-12-11,7480
maharashtra,latur,5828,1631,148,2025-12-11,7607
maharashtra,mumbai,10594,3881,77,2025-12-11,14552
maharashtra,mumbai city,2314,449,166,2025-12-11,2929
maharashtra,mumbai suburban,12480,4946,790,2025-12-11,18216
maharashtra,mumbai( sub urban ),340,79,0,2025-12-11,419
maharashtra,nagpur,10093,1502,233,2025-12-11,11828
maharashtra,nanded,9164,2447,336,2025-12-11,11947
maharashtra,nandurbar,7649,2630,237,2025-12-11,10516
maharashtra,nandurbar *,106,33,1,2025-12-11,140
maharashtra,nashik,16262,5802,304,2025-12-11,22368
maharashtra,osmanabad,3303,713,10,2025-12-11,4026
maharashtra,palghar,7343,3191,165,2025-12-11,10699
maharashtra,parbhani,5062,1011,199,2025-12-11,6272
maharashtra,pune,24088,6536,1139,2025-12-11,31763
maharashtra,raigad,2585,743,105,2025-12-11,3433
maharashtra,raigarh,4414,815,1,2025-12-11,5230
maharashtra,raigarh(mh),72,16,0,2025-12-09,88
maharashtra,ratnagiri,2352,219,32,2025-12-11,2603
maharashtra,sangli,5697,1802,133,2025-12-11,7632
maharashtra,satara,5148,717,156,2025-12-11,6021
maharashtra,sindhudurg,1121,59,22,2025-12-11,1202
maharashtra,solapur,9537,2495,260,2025-12-11,12292
maharashtra,thane,29092,13629,967,2025-12-11,43688
maharashtra,wardha,1859,89,5,2025-12-11,1953
maharashtra,washim,3041,300,45,2025-12-11,3386
maharashtra,washim *,28,4,0,2025-12-09,32
maharashtra,yavatmal,6054,1339,201,2025-12-11,7594
manipur,bishnupur,516,559,42,2025-12-11,1117
manipur,chandel,244,510,5,2025-12-11,759
manipur,churachandpur,1256,3274,108,2025-12-11,4638
manipur,imphal east,559,564,9,2025-12-11,1132
manipur,imphal west,645,559,32,2025-12-11,1236
manipur,jiribam,53,91,1,2025-12-09,145
manipur,kakching,39,69,1,2025-12-09,109
manipur,pherzawl,1,10,0,2025-10-11,11
manipur,senapati,764,721,16,2025-12-11,1501
manipur,tamenglong,297,634,29,2025-12-11,960
manipur,thoubal,423,638,6,2025-12-11,1067
manipur,ukhrul,343,424,14,2025-12-11,781
meghalaya,east garo hills,1012,3366,1674,2025-12-11,6052
meghalaya,east jaintia hills,983,2354,1796,2025-12-11,5133
meghalaya,east khasi hills,4258,14606,9948,2025-12-11,28812
meghalaya,eastern west khasi hills,3,226,589,2025-12-11,818
meghalaya,jaintia hills,4,0,0,,4
meghalaya,kamrup,13,71,59,2025-01-07,143
meghalaya,north garo hills,457,1854,758,2025-12-11,3069
meghalaya,ri bhoi,1338,4598,3372,2025-12-11,9308
meghalaya,south garo hills,568,2427,1446,2025-12-11,4441
meghalaya,south west garo hills,2417,1656,883,2025-12-11,4956
meghalaya,south west khasi hills,789,1543,1114,2025-12-11,3446
meghalaya,west garo hills,4545,6790,4540,2025-12-11,15875
meghalaya,west jaintia hills,2382,5636,3798,2025-12-11,11816
meghalaya,west khasi hills,2410,8178,5310,2025-12-11,15898
mizoram,aizawl,762,236,61,2025-12-11,1059
mizoram,champhai,805,269,91,2025-12-11,1165
mizoram,hnahthial,2,0,0,,2
mizoram,khawzawl,5,7,24,2025-11-11,36
mizoram,kolasib,189,51,35,2025-12-11,275
mizoram,lawngtlai,1164,381,97,2025-12-11,1642
mizoram,lunglei,541,116,69,2025-12-11,726
mizoram,mamit,141,27,3,2025-12-09,171
mizoram,mammit,71,8,0,2025-12-11,79
mizoram,saiha,374,181,102,2025-12-11,657
mizoram,saitual,2,3,7,2025-08-11,12
mizoram,serchhip,80,16,6,2025-12-09,102
nagaland,chumukedima,37,97,50,2025-12-11,184
nagaland,dimapur,1118,1802,276,2025-12-11,3196
nagaland,kiphire,163,693,52,2025-12-11,908
nagaland,kohima,562,952,107,2025-12-11,1621
nagaland,longleng,205,636,48,2025-12-09,889
nagaland,meluri,2,13,2,2025-12-11,17
nagaland,mokokchung,132,315,43,2025-12-11,490
nagaland,mon,618,1434,171,2025-12-11,2223
nagaland,niuland,14,15,2,2025-11-09,31
nagaland,noklak,70,246,38,2025-12-11,354
nagaland,peren,511,843,100,2025-12-11,1454
nagaland,phek,309,695,39,2025-12-11,1043
nagaland,shamator,3,221,23,2025-12-11,247
nagaland,tseminyu,7,15,10,2025-12-09,32
nagaland,tuensang,512,983,84,2025-12-11,1579
nagaland,wokha,118,410,30,2025-12-11,558
nagaland,zunheboto,131,583,47,2025-12-11,761
odisha,angul,2583,413,14,2025-12-11,3010
odisha,anugal,1,2,0,,3
odisha,anugul,129,27,0,2025-12-11,156
odisha,balangir,4254,924,56,2025-12-11,5234
odisha,baleshwar,641,204,0,2025-12-11,845
odisha,baleswar,4864,1147,4,2025-12-11,6015
odisha,bargarh,4329,818,3,2025-12-11,5150
odisha,baudh,138,33,0,2025-12-11,171
odisha,bhadrak,3369,1137,14,2025-12-11,4520
odisha,boudh,1177,245,2,2025-12-11,1424
odisha,cuttack,4040,1025,15,2025-12-11,5080
odisha,debagarh,776,95,5,2025-12-11,876
odisha,dhenkanal,2358,525,8,2025-12-11,2891
odisha,gajapati,1658,318,18,2025-12-11,1994
odisha,ganjam,6709,996,9,2025-12-11,7714
odisha,jagatsinghapur,2821,304,24,2025-12-11,3149
odisha,jagatsinghpur,626,68,0,2025-12-11,694
odisha,jajapur,2014,481,2,2025-12-11,2497
odisha,jajpur,1991,467,49,2025-12-11,2507
odisha,jharsuguda,1071,86,0,2025-12-11,1157
odisha,kalahandi,3350,1071,64,2025-12-11,4485
odisha,kandhamal,2603,438,8,2025-12-11,3049
odisha,kendrapara,3161,753,48,2025-12-11,3962
odisha,kendujhar,4330,1032,15,2025-12-11,5377
odisha,khorda,3496,654,165,2025-12-11,4315
odisha,khordha,385,98,13,2025-12-11,496
odisha,koraput,3172,1165,46,2025-12-11,4383
odisha,malkangiri,2333,486,4,2025-12-11,2823
odisha,mayurbhanj,6227,1860,35,2025-12-11,8122
odisha,nabarangapur,4174,1990,65,2025-12-11,6229
odisha,nabarangpur,327,103,12,2025-01-07,442
odisha,nayagarh,2080,271,11,2025-12-11,2362
odisha,nuapada,1701,417,2,2025-12-11,2120
odisha,puri,2959,548,4,2025-12-11,3511
odisha,rayagada,2370,672,3,2025-12-11,3045
odisha,sambalpur,2234,317,1,2025-12-11,2552
odisha,sonapur,1266,221,1,2025-12-11,1488
odisha,subarnapur,339,60,0,2025-12-11,399
odisha,sundargarh,486,105,0,2025-12-11,591
odisha,sundergarh,3341,640,19,2025-12-11,4000
orissa,anugul,42,9,0,2025-12-11,51
orissa,balangir,328,108,0,2025-12-11,436
orissa,baleshwar,337,47,0,2025-12-11,384
orissa,baleswar,2,1,0,,3
orissa,bargarh,82,7,0,2025-12-09,89
orissa,baudh,4,0,0,2025-08-11,4
orissa,bhadrak,332,39,0,2025-12-11,371
orissa,cuttack,265,57,0,2025-12-11,322
orissa,debagarh,7,0,0,2025-12-09,7
orissa,dhenkanal,108,18,0,2025-12-11,126
orissa,gajapati,8,0,0,2025-05-11,8
orissa,ganjam,354,48,0,2025-12-11,402
orissa,jagatsinghapur,31,4,0,2025-12-11,35
orissa,jajapur,93,18,0,2025-12-11,111
orissa,jharsuguda,25,0,0,2025-12-09,25
orissa,kalahandi,11,0,0,2025-12-11,11
orissa,kandhamal,30,2,0,2025-12-09,32
orissa,kendrapara,49,4,0,2025-12-09,53
orissa,kendrapara *,1,0,0,2025-05-11,1
orissa,kendujhar,39,10,0,2025-12-09,49
orissa,khorda,1,1,0,,2
orissa,khordha,629,97,0,2025-12-11,726
orissa,koraput,94,25,0,2025-12-09,119
orissa,malkangiri,40,7,0,2025-10-11,47
orissa,mayurbhanj,31,1,0,2025-11-09,32
orissa,nabarangapur,1,2,0,,3
orissa,nayagarh,92,12,0,2025-12-11,104
orissa,nuapada,2,0,0,,2
orissa,puri,194,26,0,2025-12-11,220
orissa,rayagada,146,35,0,2025-12-09,181
orissa,sambalpur,21,4,0,2025-12-09,25
orissa,sonapur,22,0,0,2025-12-09,22
orissa,subarnapur,6,0,0,2025-10-09,6
orissa,sundargarh,121,18,0,2025-12-11,139
orissa,sundergarh,0,1,0,2025-12-09,1
pondicherry,karaikal,154,8,0,2025-12-11,162
pondicherry,pondicherry,1015,69,0,2025-12-11,1084
pondicherry,yanam,24,2,0,2025-11-09,26
puducherry,karaikal,363,30,12,2025-12-11,405
puducherry,pondicherry,3,0,0,2025-05-11,3
puducherry,puducherry,1213,85,32,2025-12-11,1330
puducherry,yanam,6,1,0,2025-10-09,7
punjab,amritsar,7633,1775,247,2025-12-11,9655
punjab,barnala,926,79,8,2025-12-11,1013
punjab,bathinda,2388,298,18,2025-12-11,2704
punjab,faridkot,793,99,10,2025-12-11,902
punjab,fatehgarh sahib,891,144,13,2025-12-11,1048
punjab,fazilka,1630,271,10,2025-12-11,1911
punjab,ferozepur,1262,114,5,2025-12-11,1381
punjab,firozpur,347,48,0,2025-12-11,395
punjab,gurdaspur,4436,558,126,2025-12-11,5120
punjab,hoshiarpur,3515,401,218,2025-12-11,4134
punjab,jalandhar,3314,732,72,2025-12-11,4118
punjab,kapurthala,2067,446,1213,2025-12-11,3726
punjab,ludhiana,12209,4573,832,2025-12-11,17614
punjab,malerkotla,711,146,8,2025-12-11,865
punjab,mansa,998,107,19,2025-12-11,1124
punjab,moga,1335,159,41,2025-12-11,1535
punjab,muktsar,306,28,0,2025-12-11,334
punjab,nawanshahr,169,23,0,2025-12-11,192
punjab,pathankot,1033,67,15,2025-12-11,1115
punjab,patiala,4298,769,83,2025-12-11,5150
punjab,rupnagar,1140,93,13,2025-12-11,1246
punjab,s.a.s nagar,493,164,48,2025-01-07,705
punjab,s.a.s nagar(mohali),241,36,0,2025-12-11,277
punjab,sangrur,2087,203,39,2025-12-11,2329
punjab,sas nagar (mohali),2398,493,62,2025-12-11,2953
punjab,shaheed bhagat singh nagar,801,101,44,2025-12-11,946
punjab,sri muktsar sahib,1157,150,8,2025-12-11,1315
punjab,tarn taran,2646,273,20,2025-12-11,2939
rajasthan,ajmer,9200,2787,148,2025-12-11,12135
rajasthan,alwar,15764,7314,305,2025-12-11,23383
rajasthan,balotra,1,0,0,,1
rajasthan,banswara,4203,3030,30,2025-12-11,7263
rajasthan,baran,4532,1658,77,2025-12-11,6267
rajasthan,barmer,10522,5233,96,2025-12-11,15851
rajasthan,beawar,1,0,0,,1
rajasthan,bharatpur,10236,6643,175,2025-12-11,17054
rajasthan,bhilwara,7865,3035,183,2025-12-11,11083
rajasthan,bikaner,7464,5620,199,2025-12-11,13283
rajasthan,bundi,3414,1334,124,2025-12-11,4872
rajasthan,chittaurgarh,286,70,1,2025-12-11,357
rajasthan,chittorgarh,3698,2160,128,2025-12-11,5986
rajasthan,churu,7888,4732,160,2025-12-11,12780
rajasthan,dausa,4277,1807,49,2025-12-11,6133
rajasthan,deeg,14,43,12,2025-12-11,69
rajasthan,dhaulpur,93,46,0,2025-12-09,139
rajasthan,dholpur,5719,2711,150,2025-12-11,8580
rajasthan,didwana-kuchaman,2,0,0,,2
rajasthan,dungarpur,3869,2649,53,2025-12-11,6571
rajasthan,ganganagar,4186,1276,42,2025-12-11,5504
rajasthan,hanumangarh,3628,1271,41,2025-12-11,4940
rajasthan,jaipur,21436,8976,734,2025-12-11,31146
rajasthan,jaisalmer,1683,1120,51,2025-12-11,2854
rajasthan,jalor,7882,5875,234,2025-12-11,13991
rajasthan,jalore,298,183,13,2025-12-11,494
rajasthan,jhalawar,4978,2002,56,2025-12-11,7036
rajasthan,jhunjhunu,210,101,0,2025-12-11,311
rajasthan,jhunjhunun,5749,1776,86,2025-12-11,7611
rajasthan,jodhpur,14563,6724,928,2025-12-11,22215
rajasthan,karauli,5857,2670,109,2025-12-11,8636
rajasthan,kota,5545,1876,104,2025-12-11,7525
rajasthan,nagaur,11618,5441,208,2025-12-11,17267
rajasthan,pali,6300,2696,118,2025-12-11,9114
rajasthan,pratapgarh,2643,1133,18,2025-12-11,3794
rajasthan,rajsamand,3078,1405,29,2025-12-11,4512
rajasthan,salumbar,1,0,0,,1
rajasthan,sawai madhopur,4575,2083,86,2025-12-11,6744
rajasthan,sikar,8163,3061,176,2025-12-11,11400
rajasthan,sirohi,5500,4853,379,2025-12-11,10732
rajasthan,tonk,4198,1656,61,2025-12-11,5915
rajasthan,udaipur,8641,6073,192,2025-12-11,14906
sikkim,east,215,153,2,2025-12-11,370
sikkim,east sikkim,184,136,19,2025-12-11,339
sikkim,mangan,0,2,1,2025-05-11,3
sikkim,namchi,3,7,14,2025-11-09,24
sikkim,north,34,10,0,2025-09-09,44
sikkim,north sikkim,45,17,0,2025-12-09,62
sikkim,south,88,108,1,2025-12-11,197
sikkim,south sikkim,187,247,25,2025-12-09,459
sikkim,west,92,111,5,2025-12-11,208
sikkim,west sikkim,206,256,39,2025-12-11,501
tamil nadu,ariyalur,1927,405,80,2025-12-11,2412
tamil nadu,chengalpattu,862,319,72,2025-12-11,1253
tamil nadu,chennai,7686,2159,198,2025-12-11,10043
tamil nadu,coimbatore,7139,1804,43,2025-12-11,8986
tamil nadu,cuddalore,7493,1093,44,2025-12-11,8630
tamil nadu,dharmapuri,4840,851,48,2025-12-11,5739
tamil nadu,dindigul,4678,1393,12,2025-12-11,6083
tamil nadu,erode,4964,1045,8,2025-12-11,6017
tamil nadu,kallakurichi,877,149,38,2025-12-11,1064
tamil nadu,kancheepuram,9629,3354,67,2025-12-11,13050
tamil nadu,kanchipuram,277,89,21,2025-01-06,387
tamil nadu,kanniyakumari,2139,135,1,2025-12-11,2275
tamil nadu,kanyakumari,1896,92,17,2025-12-11,2005
tamil nadu,karur,3362,654,3,2025-12-11,4019
tamil nadu,krishnagiri,4157,910,8,2025-12-11,5075
tamil nadu,madurai,8875,1024,39,2025-12-11,9938
tamil nadu,mayiladuthurai,437,64,1,2025-12-11,502
tamil nadu,nagapattinam,3315,732,0,2025-12-11,4047
tamil nadu,namakkal,4257,606,9,2025-12-11,4872
tamil nadu,namakkal   *,0,1,0,,1
tamil nadu,perambalur,1898,232,0,2025-12-11,2130
tamil nadu,pudukkottai,5339,1670,36,2025-12-11,7045
tamil nadu,ramanathapuram,3318,644,43,2025-12-11,4005
tamil nadu,ranipet,97,13,1,2025-12-11,111
tamil nadu,salem,8417,1608,224,2025-12-11,10249
tamil nadu,sivaganga,3740,685,21,2025-12-11,4446
tamil nadu,tenkasi,1150,118,0,2025-12-11,1268
tamil nadu,thanjavur,5881,1471,20,2025-12-11,7372
tamil nadu,the nilgiris,1279,430,5,2025-12-11,1714
tamil nadu,theni,2908,563,2,2025-12-11,3473
tamil nadu,thiruvallur,461,134,10,2025-12-11,605
tamil nadu,thiruvarur,3346,816,3,2025-12-11,4165
tamil nadu,thoothukkudi,4439,877,3,2025-12-11,5319
tamil nadu,tiruchirappalli,8396,1531,5,2025-12-11,9932
tamil nadu,tirunelveli,8303,1370,2,2025-12-11,9675
tamil nadu,tirupathur,4,0,0,2025-12-09,4
tamil nadu,tirupattur,944,102,2,2025-12-11,1048
tamil nadu,tiruppur,5078,1109,5,2025-12-11,6192
tamil nadu,tiruvallur,8712,2665,58,2025-12-11,11435
tamil nadu,tiruvannamalai,6556,677,33,2025-12-11,7266
tamil nadu,tiruvarur,1,0,0,,1
tamil nadu,tuticorin,1,1,0,2025-03-11,2
tamil nadu,vellore,8271,1309,53,2025-12-11,9633
tamil nadu,villupuram,5854,915,3,2025-12-11,6772
tamil nadu,viluppuram,4341,781,0,2025-12-11,5122
tamil nadu,virudhunagar,4769,627,11,2025-12-11,5407
telangana,adilabad,2517,467,3,2025-12-11,2987
telangana,bhadradri kothagudem,2490,682,39,2025-12-11,3211
telangana,hanumakonda,916,109,5,2025-12-11,1030
telangana,hyderabad,19721,5600,669,2025-12-11,25990
telangana,jagitial,1488,98,9,2025-12-11,1595
telangana,jangaon,66,15,0,2025-12-11,81
telangana,jangoan,892,130,0,2025-12-11,1022
telangana,jayashankar bhupalpally,670,173,4,2025-12-11,847
telangana,jogulamba gadwal,1543,299,2,2025-12-11,1844
telangana,k.v.rangareddy,13564,3681,164,2025-12-11,17409
telangana,kamareddy,1862,144,2,2025-12-11,2008
telangana,karimnagar,5115,686,7,2025-12-11,5808
telangana,khammam,2800,1079,9,2025-12-11,3888
telangana,komaram bheem,917,189,0,2025-12-11,1106
telangana,mahabubabad,1249,253,1,2025-12-11,1503
telangana,mahabubnagar,7689,2463,16,2025-12-11,10168
telangana,mancherial,924,169,1,2025-12-11,1094
telangana,medak,6158,1379,7,2025-12-11,7544
telangana,medchal malkajgiri,409,265,30,2025-01-07,704
telangana,medchal-malkajgiri,3064,900,106,2025-12-11,4070
telangana,medchal?malkajgiri,1,1,0,2025-10-09,2
telangana,medchal−malkajgiri,445,88,2,2025-12-11,535
telangana,mulugu,700,233,4,2025-12-11,937
telangana,nagarkurnool,1077,282,2,2025-12-11,1361
telangana,nalgonda,5405,1246,10,2025-12-11,6661
telangana,narayanpet,1082,224,4,2025-12-11,1310
telangana,nirmal,1292,106,3,2025-12-11,1401
telangana,nizamabad,5985,583,9,2025-12-11,6577
telangana,peddapalli,513,72,3,2025-12-11,588
telangana,rajanna sircilla,834,51,3,2025-12-11,888
telangana,ranga reddy,181,93,10,2025-01-07,284
telangana,rangareddy,237,61,2,2025-12-11,300
telangana,sangareddy,2224,468,11,2025-12-11,2703
telangana,siddipet,1701,174,1,2025-12-11,1876
telangana,suryapet,1743,297,2,2025-12-11,2042
telangana,vikarabad,2085,506,2,2025-12-11,2593
telangana,wanaparthy,1266,401,0,2025-12-11,1667
telangana,warangal,2462,490,0,2025-12-11,2952
telangana,warangal (urban),6,1,0,2025-06-09,7
telangana,warangal rural,660,70,2,2025-12-11,732
telangana,warangal urban,585,72,6,2025-12-11,663
telangana,yadadri.,1380,205,1,2025-12-11,1586
the dadra and nagar haveli and daman and diu,dadra and nagar haveli,548,141,27,2025-01-07,716
tripura,dhalai,777,607,36,2025-12-11,1420
tripura,dhalai  *,28,4,0,2025-11-11,32
tripura,gomati,464,204,11,2025-12-11,679
tripura,khowai,196,99,44,2025-12-11,339
tripura,north tripura,1046,416,26,2025-12-11,1488
tripura,sepahijala,1121,577,30,2025-12-11,1728
tripura,south tripura,1348,804,6,2025-12-11,2158
tripura,unakoti,433,179,27,2025-12-11,639
tripura,west tripura,1963,764,75,2025-12-11,2802
uttar pradesh,agra,16314,12691,905,2025-12-11,29910
uttar pradesh,aligarh,13830,11776,586,2025-12-11,26192
uttar pradesh,allahabad,7254,5946,49,2025-12-11,13249
uttar pradesh,ambedkar nagar,3856,4096,50,2025-12-11,8002
uttar pradesh,amethi,3890,3251,56,2025-12-11,7197
uttar pradesh,amroha,5605,2476,61,2025-12-11,8142
uttar pradesh,auraiya,2169,1547,17,2025-12-11,3733
uttar pradesh,ayodhya,1027,634,32,2025-12-11,1693
uttar pradesh,azamgarh,6717,13577,279,2025-12-11,20573
uttar pradesh,baghpat,3482,3203,154,2025-12-11,6839
uttar pradesh,bagpat,0,1,0,,1
uttar pradesh,bahraich,14674,22360,2304,2025-12-11,39338
uttar pradesh,ballia,4079,5860,37,2025-12-11,9976
uttar pradesh,balrampur,4181,7907,236,2025-12-11,12324
uttar pradesh,banda,4825,5563,203,2025-12-11,10591
uttar pradesh,bara banki,5776,3218,92,2025-12-11,9086
uttar pradesh,barabanki,1401,922,52,2025-12-11,2375
uttar pradesh,bareilly,17187,10017,607,2025-12-11,27811
uttar pradesh,basti,4823,5216,80,2025-12-11,10119
uttar pradesh,bhadohi,265,277,4,2025-12-11,546
uttar pradesh,bijnor,12935,3843,73,2025-12-11,16851
uttar pradesh,budaun,7773,7407,349,2025-12-11,15529
uttar pradesh,bulandshahar,115,70,0,2025-12-11,185
uttar pradesh,bulandshahr,9155,7521,209,2025-12-11,16885
uttar pradesh,chandauli,4405,4986,175,2025-12-11,9566
uttar pradesh,chitrakoot,2951,2436,14,2025-12-11,5401
uttar pradesh,deoria,4700,5443,114,2025-12-11,10257
uttar pradesh,etah,6760,4345,159,2025-12-11,11264
uttar pradesh,etawah,4173,2865,116,2025-12-11,7154
uttar pradesh,faizabad,4052,2871,3,2025-12-11,6926
uttar pradesh,farrukhabad,2844,2944,82,2025-12-11,5870
uttar pradesh,fatehpur,6526,5582,225,2025-12-11,12333
uttar pradesh,firozabad,7250,4926,124,2025-12-11,12300
uttar pradesh,gautam buddha nagar,9002,9318,637,2025-12-11,18957
uttar pradesh,ghaziabad,11984,10693,393,2025-12-11,23070
uttar pradesh,ghazipur,4323,6894,71,2025-12-11,11288
uttar pradesh,gonda,7445,7494,328,2025-12-11,15267
uttar pradesh,gorakhpur,7454,12090,425,2025-12-11,19969
uttar pradesh,hamirpur,2040,1398,27,2025-12-11,3465
uttar pradesh,hapur,4450,2771,41,2025-12-11,7262
uttar pradesh,hardoi,12591,12290,312,2025-12-11,25193
uttar pradesh,hathras,3815,2596,82,2025-12-11,6493
uttar pradesh,jalaun,2791,2641,125,2025-12-11,5557
uttar pradesh,jaunpur,5400,10237,216,2025-12-11,15853
uttar pradesh,jhansi,4570,2519,71,2025-12-11,7160
uttar pradesh,jyotiba phule nagar,61,23,0,2025-12-11,84
uttar pradesh,kannauj,3083,3455,100,2025-12-11,6638
uttar pradesh,kanpur dehat,4032,3802,183,2025-12-11,8017
uttar pradesh,kanpur nagar,11427,12606,675,2025-12-11,24708
uttar pradesh,kasganj,3206,2977,158,2025-12-11,6341
uttar pradesh,kaushambi,4356,3038,69,2025-12-11,7463
uttar pradesh,kheri,11282,12841,455,2025-12-11,24578
uttar pradesh,kushi nagar,779,777,14,2025-01-07,1570
uttar pradesh,kushinagar,4449,6132,30,2025-12-11,10611
uttar pradesh,kushinagar *,5,1,0,2025-06-11,6
uttar pradesh,lalitpur,3376,1305,72,2025-12-11,4753
uttar pradesh,lucknow,13739,11321,454,2025-12-11,25514
uttar pradesh,maharajganj,6132,11265,474,2025-12-11,17871
uttar pradesh,mahoba,1979,1029,12,2025-12-11,3020
uttar pradesh,mahrajganj,10,9,0,2025-05-11,19
uttar pradesh,mainpuri,5056,6483,187,2025-12-11,11726
uttar pradesh,mathura,5851,5766,129,2025-12-11,11746
uttar pradesh,mau,2590,4942,47,2025-12-11,7579
uttar pradesh,meerut,14177,9598,252,2025-12-11,24027
uttar pradesh,mirzapur,3536,4101,8,2025-12-11,7645
uttar pradesh,moradabad,15196,6131,218,2025-12-11,21545
uttar pradesh,muzaffarnagar,7250,4575,124,2025-12-11,11949
uttar pradesh,pilibhit,8791,4631,213,2025-12-11,13635
uttar pradesh,pratapgarh,5866,4386,56,2025-12-11,10308
uttar pradesh,prayagraj,1428,1255,182,2025-12-11,2865
uttar pradesh,rae bareli,5812,3875,42,2025-12-11,9729
uttar pradesh,raebareli,0,3,0,2025-04-09,3
uttar pradesh,rampur,12051,7757,302,2025-12-11,20110
uttar pradesh,saharanpur,13708,5359,99,2025-12-11,19166
uttar pradesh,sambhal,4744,3816,117,2025-12-11,8677
uttar pradesh,sant kabir nagar,2789,3343,37,2025-12-11,6169
uttar pradesh,sant ravidas nagar,1869,2547,4,2025-12-11,4420
uttar pradesh,sant ravidas nagar bhadohi,37,47,0,2025-11-09,84
uttar pradesh,shahjahanpur,12811,11033,447,2025-12-11,24291
uttar pradesh,shamli,5530,2613,57,2025-12-11,8200
uttar pradesh,shravasti,867,1570,98,2025-01-07,2535
uttar pradesh,shrawasti,1816,3151,150,2025-12-11,5117
uttar pradesh,siddharth nagar,1603,2586,152,2025-01-07,4341
uttar pradesh,siddharthnagar,4875,8739,399,2025-12-11,14013
uttar pradesh,sitapur,16237,13869,748,2025-12-11,30854
uttar pradesh,sonbhadra,2998,2023,13,2025-12-11,5034
uttar pradesh,sultanpur,5465,5837,132,2025-12-11,11434
uttar pradesh,unnao,9838,8943,367,2025-12-11,19148
uttar pradesh,varanasi,9479,13404,451,2025-12-11,23334
uttarakhand,almora,1228,131,8,2025-12-11,1367
uttarakhand,bageshwar,675,65,2,2025-12-11,742
uttarakhand,chamoli,1006,77,7,2025-12-11,1090
uttarakhand,champawat,769,96,1,2025-12-11,866
uttarakhand,dehradun,7797,1554,134,2025-12-11,9485
uttarakhand,garhwal,52,4,0,2025-12-09,56
uttarakhand,hardwar,118,28,0,2025-12-11,146
uttarakhand,haridwar,4688,1215,52,2025-12-11,5955
uttarakhand,nainital,3417,458,76,2025-12-11,3951
uttarakhand,pauri garhwal,1677,165,14,2025-12-11,1856
uttarakhand,pithoragarh,1065,146,9,2025-12-11,1220
uttarakhand,rudraprayag,874,82,0,2025-12-11,956
uttarakhand,tehri garhwal,2444,324,13,2025-12-11,2781
uttarakhand,udham singh nagar,5092,985,18,2025-12-11,6095
uttarakhand,uttarkashi,978,149,5,2025-12-11,1132
west  bengal,hooghly,9,6,0,2025-12-09,15
west bangal,hooghly,5,1,0,,6
west bangal,howrah,2,2,0,2025-11-09,4
west bengal,24 paraganas north,3177,2458,512,2025-01-07,6147
west bengal,24 paraganas south,364,104,22,2025-01-07,490
west bengal,alipurduar,1521,1714,438,2025-12-11,3673
west bengal,bankura,9083,2122,150,2025-12-11,11355
west bengal,bardhaman,14161,3434,17,2025-12-11,17612
west bengal,birbhum,13361,2041,107,2025-12-11,15509
west bengal,burdwan,2,0,0,,2
west bengal,cooch behar,9402,5307,429,2025-12-11,15138
west bengal,dakshin dinajpur,5358,1069,99,2025-12-11,6526
west bengal,darjeeling,3967,2579,773,2025-12-11,7319
west bengal,darjiling,535,189,2,2025-12-11,726
west bengal,dinajpur dakshin,707,256,34,2025-01-07,997
west bengal,dinajpur uttar,6478,4859,334,2025-09-03,11671
west bengal,east midnapore,1796,318,4,2025-12-11,2118
west bengal,east midnapur,1,0,0,,1
west bengal,haora,1943,917,2,2025-12-11,2862
west bengal,hawrah,3,3,0,2025-04-09,6
west bengal,hooghiy,1,0,0,,1
west bengal,hooghly,11145,3856,342,2025-12-11,15343
west bengal,howrah,8139,3125,146,2025-12-11,11410
west bengal,hugli,148,46,0,2025-12-09,194
west bengal,jalpaiguri,5674,4442,538,2025-12-11,10654
west bengal,jhargram,741,171,50,2025-12-11,962
west bengal,kalimpong,176,184,153,2025-12-11,513
west bengal,koch bihar,2227,1111,10,2025-12-11,3348
west bengal,kolkata,5028,4611,723,2025-12-11,10362
west bengal,malda,12979,4523,84,2025-12-11,17586
west bengal,medinipur,26,3,0,2025-11-09,29
west bengal,medinipur west,325,300,20,2025-01-07,645
west bengal,murshidabad,31442,4383,86,2025-12-11,35911
west bengal,nadia,13249,3624,843,2025-12-11,17716
west bengal,north 24 parganas,21517,5741,1348,2025-12-11,28606
west bengal,north dinajpur,263,79,0,2025-12-11,342
west bengal,north twenty four parganas,1226,399,2,2025-12-11,1627
west bengal,paschim bardhaman,865,318,93,2025-12-11,1276
west bengal,paschim medinipur,14240,3695,150,2025-12-11,18085
west bengal,purba bardhaman,2523,390,128,2025-12-11,3041
west bengal,purba medinipur,12954,1310,58,2025-12-11,14322
west bengal,purulia,539,243,1,2025-12-11,783
west bengal,puruliya,9674,3412,133,2025-12-11,13219
west bengal,south 24 pargana,1,1,0,,2
west bengal,south 24 parganas,25041,8197,304,2025-12-11,33542
west bengal,south dinajpur,375,71,0,2025-12-09,446
west bengal,south twenty four parganas,2978,1125,4,2025-12-11,4107
west bengal,uttar dinajpur,18397,8127,368,2025-12-11,26892
west bengal,west medinipur,1,1,0,,2
west bengal,west midnapore,1647,540,3,2025-12-11,2190
westbengal,hooghly,4,3,0,2025-12-09,7
