state,district,demo_age_5_17,demo_age_17_,date,total_demographic_updates
andaman and nicobar islands,andamans,7,743,2025-12-12,750
andaman and nicobar islands,nicobar,58,733,2025-12-12,791
andaman and nicobar islands,north and middle andaman,112,1897,2025-12-12,2009
andaman and nicobar islands,south andaman,440,3256,2025-12-12,3696
andhra pradesh,adilabad,2596,26695,2025-12-12,29291
andhra pradesh,alluri sitharama raju,1569,11302,2025-12-12,12871
andhra pradesh,anakapalli,1772,11688,2025-12-12,13460
andhra pradesh,anantapur,29860,124855,2025-12-12,154715
andhra pradesh,annamayya,5789,27845,2025-12-12,33634
andhra pradesh,bapatla,2008,11506,2025-12-12,13514
andhra pradesh,chittoor,28657,140979,2025-12-12,169636
andhra pradesh,cuddapah,11074,72593,2025-12-12,83667
andhra pradesh,dr. b. r. ambedkar konaseema,1752,12404,2025-12-12,14156
andhra pradesh,east godavari,19090,136935,2025-12-12,156025
andhra pradesh,eluru,2346,15238,2025-12-12,17584
andhra pradesh,guntur,22026,155195,2025-12-12,177221
andhra pradesh,hyderabad,4382,31824,2025-12-12,36206
andhra pradesh,k.v.rangareddy,80,604,2025-12-12,684
andhra pradesh,kakinada,3621,24648,2025-12-12,28269
andhra pradesh,karimnagar,1049,10433,2025-12-12,11482
andhra pradesh,khammam,4648,27720,2025-12-12,32368
andhra pradesh,krishna,13459,98390,2025-12-12,111849
andhra pradesh,kurnool,29378,148267,2025-12-12,177645
andhra pradesh,mahabub nagar,444,12369,2025-12-12,12813
andhra pradesh,mahabubnagar,13,68,2025-12-11,81
andhra pradesh,mahbubnagar,1254,8643,2025-12-12,9897
andhra pradesh,medak,1711,11252,2025-12-12,12963
andhra pradesh,n. t. r,4718,33352,2025-12-12,38070
andhra pradesh,nalgonda,1623,28221,2025-12-12,29844
andhra pradesh,nandyal,4798,22587,2025-12-12,27385
andhra pradesh,nellore,7111,61012,2025-12-12,68123
andhra pradesh,nizamabad,728,4813,2025-12-12,5541
andhra pradesh,palnadu,3955,21540,2025-12-12,25495
andhra pradesh,parvathipuram manyam,1511,7880,2025-12-12,9391
andhra pradesh,prakasam,15519,104979,2025-12-12,120498
andhra pradesh,rangareddi,3569,18696,2025-12-12,22265
andhra pradesh,sri potti sriramulu nellore,3045,19020,2025-12-12,22065
andhra pradesh,sri sathya sai,3953,18154,2025-12-12,22107
andhra pradesh,srikakulam,24315,111384,2025-12-12,135699
andhra pradesh,tirupati,4768,28462,2025-12-12,33230
andhra pradesh,visakhapatnam,19864,137329,2025-12-12,157193
andhra pradesh,vizianagaram,11069,67818,2025-12-12,78887
andhra pradesh,warangal,3605,31161,2025-12-12,34766
andhra pradesh,west godavari,14258,112548,2025-12-12,126806
andhra pradesh,y. s. r,4161,24025,2025-12-12,28186
arunachal pradesh,anjaw,128,632,2025-12-12,760
arunachal pradesh,changlang,690,4969,2025-12-12,5659
arunachal pradesh,dibang valley,28,132,2025-12-12,160
arunachal pradesh,east kameng,292,1130,2025-12-12,1422
arunachal pradesh,east siang,423,2080,2025-12-12,2503
arunachal pradesh,kamle,64,254,2025-12-12,318
arunachal pradesh,kra daadi,145,369,2025-12-11,514
arunachal pradesh,kurung kumey,106,229,2025-12-09,335
arunachal pradesh,leparada,8,15,2025-12-11,23
arunachal pradesh,lohit,212,1654,2025-12-12,1866
arunachal pradesh,longding,263,1222,2025-12-12,1485
arunachal pradesh,lower dibang valley,186,971,2025-12-12,1157
arunachal pradesh,lower siang,70,269,2025-12-09,339
arunachal pradesh,lower subansiri,198,1323,2025-12-12,1521
arunachal pradesh,namsai,221,1914,2025-12-12,2135
arunachal pradesh,pakke kessang,14,73,2025-12-09,87
arunachal pradesh,papum pare,770,4152,2025-12-12,4922
arunachal pradesh,shi-yomi,43,195,2025-11-12,238
arunachal pradesh,siang,175,602,2025-12-12,777
arunachal pradesh,tawang,209,742,2025-12-12,951
arunachal pradesh,tirap,96,894,2025-12-12,990
arunachal pradesh,upper siang,199,1122,2025-12-11,1321
arunachal pradesh,upper subansiri,347,1202,2025-12-09,1549
arunachal pradesh,west kameng,375,1484,2025-12-12,1859
arunachal pradesh,west siang,521,3031,2025-12-12,3552
assam,bajali,57,787,2025-12-12,844
assam,baksa,1346,15666,2025-12-12,17012
assam,barpeta,4978,54164,2025-12-12,59142
assam,biswanath,844,10181,2025-12-12,11025
assam,bongaigaon,3318,35806,2025-12-12,39124
assam,cachar,5078,52941,2025-12-12,58019
assam,charaideo,763,9150,2025-12-12,9913
assam,chirang,1175,12222,2025-12-12,13397
assam,darrang,3187,25132,2025-12-12,28319
assam,dhemaji,1927,20422,2025-12-12,22349
assam,dhubri,7185,73614,2025-12-12,80799
assam,dibrugarh,1874,24645,2025-12-12,26519
assam,dima hasao,16,264,2025-12-12,280
assam,goalpara,4325,36242,2025-12-12,40567
assam,golaghat,1998,25926,2025-12-12,27924
assam,hailakandi,2253,19049,2025-12-12,21302
assam,hojai,2371,22937,2025-12-12,25308
assam,jorhat,1266,18522,2025-12-12,19788
assam,kamrup,3266,41318,2025-12-12,44584
assam,kamrup metro,2308,23883,2025-12-12,26191
assam,karbi anglong,2438,28683,2025-12-12,31121
assam,karimganj,4135,37279,2025-12-12,41414
assam,kokrajhar,1928,20741,2025-12-12,22669
assam,lakhimpur,2993,32419,2025-12-12,35412
assam,majuli,290,2991,2025-12-12,3281
assam,marigaon,4499,39311,2025-12-12,43810
assam,nagaon,7120,90257,2025-12-12,97377
assam,nalbari,2083,18878,2025-12-12,20961
assam,north cachar hills,300,3299,2025-12-12,3599
assam,sibsagar,1031,12039,2025-12-12,13070
assam,sonitpur,3162,40414,2025-12-12,43576
assam,south salmara mankachar,1188,19859,2025-12-12,21047
assam,sribhumi,192,4895,2025-12-12,5087
assam,tamulpur district,54,1214,2025-12-12,1268
assam,tinsukia,2000,33249,2025-12-12,35249
assam,udalguri,1380,18400,2025-12-12,19780
assam,west karbi anglong,152,1299,2025-12-12,1451
balanagar,idpl colony,0,2,,2
bihar,araria,9001,146314,2025-12-12,155315
bihar,arwal,2232,25538,2025-12-12,27770
bihar,aurangabad,10545,95295,2025-12-12,105840
bihar,aurangabad(bh),26,668,2025-12-12,694
bihar,banka,7434,90686,2025-12-12,98120
bihar,begusarai,13270,119720,2025-12-12,132990
bihar,bhabua,5,127,2025-12-12,132
bihar,bhagalpur,15385,139641,2025-12-12,155026
bihar,bhojpur,10707,131634,2025-12-12,142341
bihar,buxar,7052,66850,2025-12-12,73902
bihar,darbhanga,12315,141613,2025-12-12,153928
bihar,east champaran,18227,229801,2025-12-12,248028
bihar,gaya,19945,175229,2025-12-12,195174
bihar,gopalganj,8025,97842,2025-12-12,105867
bihar,jamui,5423,61497,2025-12-12,66920
bihar,jehanabad,4393,41968,2025-12-12,46361
bihar,kaimur (bhabua),5463,61555,2025-12-12,67018
bihar,katihar,11847,168447,2025-12-12,180294
bihar,khagaria,7370,68254,2025-12-12,75624
bihar,kishanganj,6372,138769,2025-12-12,145141
bihar,lakhisarai,4081,44802,2025-12-12,48883
bihar,madhepura,6595,85266,2025-12-12,91861
bihar,madhubani,13587,168104,2025-12-12,181691
bihar,monghyr,2,280,2025-12-11,282
bihar,munger,4129,51818,2025-12-12,55947
bihar,muzaffarpur,15939,190978,2025-12-12,206917
bihar,nalanda,11812,141231,2025-12-12,153043
bihar,nawada,6895,79623,2025-12-12,86518
bihar,pashchim champaran,23,1097,2025-12-12,1120
bihar,patna,20931,222841,2025-12-12,243772
bihar,purba champaran,19,915,2025-12-12,934
bihar,purnia,9549,136631,2025-12-12,146180
bihar,rohtas,10462,107283,2025-12-12,117745
bihar,saharsa,6443,74734,2025-12-12,81177
bihar,samastipur,15445,186847,2025-12-12,202292
bihar,samstipur,10,438,2025-12-12,448
bihar,saran,14788,155057,2025-12-12,169845
bihar,sheikhpura,2326,25762,2025-12-12,28088
bihar,sheikpura,1,177,2025-12-12,178
bihar,sheohar,2482,28998,2025-12-12,31480
bihar,sitamarhi,12645,157203,2025-12-12,169848
bihar,siwan,10600,113122,2025-12-12,123722
bihar,supaul,6449,100462,2025-12-12,106911
bihar,vaishali,12462,143132,2025-12-12,155594
bihar,west champaran,17311,216078,2025-12-12,233389
chandigarh,chandigarh,13132,70204,2025-12-12,83336
chandigarh,mohali,0,5,,5
chandigarh,rupnagar,1,19,2025-11-09,20
chhatisgarh,raipur,0,4,2025-04-12,4
chhattisgarh,balod,5704,54030,2025-12-12,59734
chhattisgarh,baloda bazar,8282,107988,2025-12-12,116270
chhattisgarh,balrampur,3542,56759,2025-12-12,60301
chhattisgarh,bastar,9378,70053,2025-12-12,79431
chhattisgarh,bemetara,4199,54494,2025-12-12,58693
chhattisgarh,bijapur,1137,11910,2025-12-12,13047
chhattisgarh,bilaspur,12889,140452,2025-12-12,153341
chhattisgarh,dakshin bastar dantewada,1408,4488,2025-12-12,5896
chhattisgarh,dantewada,699,1699,2025-12-12,2398
chhattisgarh,dhamtari,3073,41640,2025-12-12,44713
chhattisgarh,durg,10565,66584,2025-12-12,77149
chhattisgarh,gariyaband,1307,26292,2025-12-12,27599
chhattisgarh,gaurela-pendra-marwahi,439,2986,2025-12-12,3425
chhattisgarh,janjgir - champa,11,204,2025-12-12,215
chhattisgarh,janjgir champa,5,231,2025-12-12,236
chhattisgarh,janjgir-champa,7192,104968,2025-12-12,112160
chhattisgarh,jashpur,8700,62323,2025-12-12,71023
chhattisgarh,kabeerdham,3034,24067,2025-12-12,27101
chhattisgarh,kanker,2867,25973,2025-12-12,28840
chhattisgarh,kawardha,4631,62369,2025-12-12,67000
chhattisgarh,khairagarh chhuikhadan gandai,641,5462,2025-12-12,6103
chhattisgarh,kondagaon,4193,57771,2025-12-12,61964
chhattisgarh,korba,6101,77273,2025-12-12,83374
chhattisgarh,koriya,2301,29434,2025-12-12,31735
chhattisgarh,mahasamund,8593,126294,2025-12-12,134887
chhattisgarh,manendragarh–chirmiri–bharatpur,395,4718,2025-12-12,5113
chhattisgarh,mohalla-manpur-ambagarh chowki,32,149,2025-12-12,181
chhattisgarh,mohla-manpur-ambagarh chouki,3477,16334,2025-12-12,19811
chhattisgarh,mungeli,3835,66729,2025-12-12,70564
chhattisgarh,narayanpur,2057,14708,2025-12-12,16765
chhattisgarh,raigarh,5194,78242,2025-12-12,83436
chhattisgarh,raipur,12289,120718,2025-12-12,133007
chhattisgarh,rajnandgaon,10303,137815,2025-12-12,148118
chhattisgarh,sakti,967,8718,2025-12-12,9685
chhattisgarh,sarangarh-bilaigarh,622,7433,2025-12-12,8055
chhattisgarh,sukma,1509,11237,2025-12-12,12746
chhattisgarh,surajpur,3394,38673,2025-12-12,42067
chhattisgarh,surguja,9129,106554,2025-12-12,115683
chhattisgarh,uttar bastar kanker,1113,12455,2025-12-12,13568
dadra and nagar haveli and daman and diu,dadra & nagar haveli,32,203,2025-12-12,235
dadra and nagar haveli and daman and diu,dadra and nagar haveli,1455,6267,2025-12-12,7722
dadra and nagar haveli and daman and diu,daman,294,2874,2025-12-12,3168
dadra and nagar haveli and daman and diu,diu,142,937,2025-12-12,1079
darbhanga,near university thana,0,2,,2
delhi,central delhi,4432,44615,2025-12-12,49047
delhi,east delhi,24960,162101,2025-12-12,187061
delhi,najafgarh,9,186,2025-12-12,195
delhi,new delhi,547,3514,2025-12-12,4061
delhi,north delhi,9317,77583,2025-12-12,86900
delhi,north east,360,11467,2025-12-12,11827
delhi,north east delhi,25389,115759,2025-12-12,141148
delhi,north west delhi,39744,274245,2025-12-12,313989
delhi,shahdara,4681,23863,2025-12-12,28544
delhi,south delhi,20329,193160,2025-12-12,213489
delhi,south east delhi,124,1045,2025-12-12,1169
delhi,south west delhi,19940,149759,2025-12-12,169699
delhi,west delhi,25703,206102,2025-12-12,231805
goa,bardez,2,29,2025-09-12,31
goa,bicholim,0,4,,4
goa,north goa,1713,17130,2025-12-12,18843
goa,south goa,1560,14678,2025-12-12,16238
goa,tiswadi,0,4,2025-12-12,4
gujarat,ahmadabad,320,7440,2025-12-12,7760
gujarat,ahmedabad,31732,236152,2025-12-12,267884
gujarat,amreli,2578,25310,2025-12-12,27888
gujarat,anand,3523,35626,2025-12-12,39149
gujarat,arvalli,1810,6286,2025-12-12,8096
gujarat,banas kantha,33,440,2025-12-12,473
gujarat,banaskantha,9778,65429,2025-12-12,75207
gujarat,bharuch,6975,42831,2025-12-12,49806
gujarat,bhavnagar,6530,51332,2025-12-12,57862
gujarat,botad,1463,6082,2025-12-12,7545
gujarat,chhotaudepur,1857,7774,2025-12-12,9631
gujarat,dahod,4796,31140,2025-12-12,35936
gujarat,devbhumi dwarka,835,5751,2025-12-12,6586
gujarat,dohad,315,4897,2025-12-12,5212
gujarat,gandhinagar,6930,57658,2025-12-12,64588
gujarat,gir somnath,2323,9743,2025-12-12,12066
gujarat,jamnagar,4166,41553,2025-12-12,45719
gujarat,junagadh,3875,34170,2025-12-12,38045
gujarat,kachchh,7742,59047,2025-12-12,66789
gujarat,kheda,5991,46628,2025-12-12,52619
gujarat,mahesana,6530,43687,2025-12-12,50217
gujarat,mahisagar,918,6589,2025-12-12,7507
gujarat,morbi,3044,16755,2025-12-12,19799
gujarat,narmada,2729,12028,2025-12-12,14757
gujarat,navsari,5085,24517,2025-12-12,29602
gujarat,panch mahals,15,402,2025-12-12,417
gujarat,panchmahals,3200,29270,2025-12-12,32470
gujarat,patan,3100,26459,2025-12-12,29559
gujarat,porbandar,1801,12822,2025-12-12,14623
gujarat,rajkot,10174,127426,2025-12-12,137600
gujarat,sabar kantha,41,602,2025-12-12,643
gujarat,sabarkantha,5607,38270,2025-12-12,43877
gujarat,surat,35198,322384,2025-12-12,357582
gujarat,surendra nagar,3636,35123,2025-12-12,38759
gujarat,surendranagar,19,894,2025-12-12,913
gujarat,tapi,2645,9545,2025-12-12,12190
gujarat,the dangs,1477,5104,2025-12-12,6581
gujarat,vadodara,10942,89085,2025-12-12,100027
gujarat,valsad,8741,39602,2025-12-12,48343
haryana,ambala,3958,29284,2025-12-12,33242
haryana,bhiwani,4004,30276,2025-12-12,34280
haryana,charkhi dadri,1698,10397,2025-12-12,12095
haryana,faridabad,19754,140801,2025-12-12,160555
haryana,fatehabad,4592,37378,2025-12-12,41970
haryana,gurgaon,13524,105689,2025-12-12,119213
haryana,hisar,6665,56541,2025-12-12,63206
haryana,jhajjar,3763,28621,2025-12-12,32384
haryana,jind,4923,39090,2025-12-12,44013
haryana,kaithal,4992,34982,2025-12-12,39974
haryana,karnal,6828,42303,2025-12-12,49131
haryana,kurukshetra,3517,25192,2025-12-12,28709
haryana,mahendragarh,3104,25430,2025-12-12,28534
haryana,mewat,6364,60303,2025-12-12,66667
haryana,palwal,7265,61703,2025-12-12,68968
haryana,panchkula,5417,29001,2025-12-12,34418
haryana,panipat,9431,59653,2025-12-12,69084
haryana,rewari,6191,37840,2025-12-12,44031
haryana,rohtak,4152,22379,2025-12-12,26531
haryana,sirsa,4976,50186,2025-12-12,55162
haryana,sonipat,7748,52916,2025-12-12,60664
haryana,yamuna nagar,6421,46460,2025-12-12,52881
haryana,yamunanagar,27,401,2025-12-12,428
himachal pradesh,bilaspur,932,5828,2025-12-12,6760
himachal pradesh,chamba,3354,16304,2025-12-12,19658
himachal pradesh,hamirpur,883,6437,2025-12-12,7320
himachal pradesh,kangra,3693,30434,2025-12-12,34127
himachal pradesh,kinnaur,141,1028,2025-12-12,1169
himachal pradesh,kullu,1211,8391,2025-12-12,9602
himachal pradesh,lahaul and spiti,15,44,2025-12-12,59
himachal pradesh,lahul & spiti,6,271,2025-12-12,277
himachal pradesh,lahul and spiti,70,163,2025-12-12,233
himachal pradesh,mandi,2289,14016,2025-12-12,16305
himachal pradesh,shimla,1841,13901,2025-12-12,15742
himachal pradesh,sirmaur,2634,16784,2025-12-12,19418
himachal pradesh,solan,1260,7723,2025-12-12,8983
himachal pradesh,una,1095,8466,2025-12-12,9561
jaipur,near meera hospital,0,2,,2
jammu and kashmir,anantnag,5246,30320,2025-12-12,35566
jammu and kashmir,badgam,892,11227,2025-12-12,12119
jammu and kashmir,bandipore,2600,13294,2025-12-12,15894
jammu and kashmir,bandipur,0,1,2025-01-12,1
jammu and kashmir,baramula,5160,31635,2025-12-12,36795
jammu and kashmir,budgam,5738,12884,2025-12-12,18622
jammu and kashmir,doda,1109,10268,2025-12-12,11377
jammu and kashmir,ganderbal,1034,6495,2025-12-12,7529
jammu and kashmir,jammu,2486,32630,2025-12-12,35116
jammu and kashmir,kargil,508,1548,2025-12-12,2056
jammu and kashmir,kathua,1775,18703,2025-12-12,20478
jammu and kashmir,kishtwar,967,4901,2025-12-12,5868
jammu and kashmir,kulgam,2329,10078,2025-12-12,12407
jammu and kashmir,kupwara,7740,37397,2025-12-12,45137
jammu and kashmir,leh,291,1136,2025-12-12,1427
jammu and kashmir,leh (ladakh),4,3,2025-06-11,7
jammu and kashmir,poonch,0,3,,3
jammu and kashmir,pulwama,3432,18055,2025-12-12,21487
jammu and kashmir,punch,4052,19388,2025-12-12,23440
jammu and kashmir,rajauri,0,15,2025-12-12,15
jammu and kashmir,rajouri,2395,13413,2025-12-12,15808
jammu and kashmir,ramban,1857,5897,2025-12-12,7754
jammu and kashmir,reasi,1119,7281,2025-12-12,8400
jammu and kashmir,samba,628,4492,2025-12-12,5120
jammu and kashmir,shupiyan,1844,6363,2025-12-12,8207
jammu and kashmir,srinagar,3495,36221,2025-12-12,39716
jammu and kashmir,udhampur,1172,15681,2025-12-12,16853
jharkhand,bokaro,4424,66249,2025-12-12,70673
jharkhand,chatra,3989,43307,2025-12-12,47296
jharkhand,deoghar,4022,56038,2025-12-12,60060
jharkhand,dhanbad,5776,102021,2025-12-12,107797
jharkhand,dumka,4019,55639,2025-12-12,59658
jharkhand,east singhbhum,4140,56520,2025-12-12,60660
jharkhand,garhwa,3459,36814,2025-12-12,40273
jharkhand,garhwa *,44,2072,2025-12-12,2116
jharkhand,giridih,9740,115931,2025-12-12,125671
jharkhand,godda,3785,53892,2025-12-12,57677
jharkhand,gumla,3800,42953,2025-12-12,46753
jharkhand,hazaribag,391,9335,2025-12-12,9726
jharkhand,hazaribagh,5791,60854,2025-12-12,66645
jharkhand,jamtara,1682,31321,2025-12-12,33003
jharkhand,khunti,1410,20011,2025-12-12,21421
jharkhand,kodarma,221,2782,2025-12-12,3003
jharkhand,koderma,1672,22513,2025-12-12,24185
jharkhand,latehar,3017,35628,2025-12-12,38645
jharkhand,lohardaga,1511,15908,2025-12-12,17419
jharkhand,pakaur,227,3451,2025-12-12,3678
jharkhand,pakur,2790,42671,2025-12-12,45461
jharkhand,palamau,140,3546,2025-12-12,3686
jharkhand,palamu,9410,104641,2025-12-12,114051
jharkhand,pashchimi singhbhum,235,8922,2025-12-12,9157
jharkhand,purbi singhbhum,86,4780,2025-12-12,4866
jharkhand,ramgarh,2377,33083,2025-12-12,35460
jharkhand,ranchi,8306,95347,2025-12-12,103653
jharkhand,sahebganj,4750,60999,2025-12-12,65749
jharkhand,sahibganj,150,2506,2025-12-12,2656
jharkhand,seraikela-kharsawan,2229,32472,2025-12-12,34701
jharkhand,simdega,1750,24335,2025-12-12,26085
jharkhand,west singhbhum,4033,55272,2025-12-12,59305
karnataka,bagalkot,14788,37873,2025-12-12,52661
karnataka,bagalkot *,164,1032,2025-12-12,1196
karnataka,ballari,4784,19615,2025-12-12,24399
karnataka,bangalore,3869,47973,2025-12-12,51842
karnataka,bangalore rural,5713,42521,2025-12-12,48234
karnataka,belagavi,12963,41358,2025-12-12,54321
karnataka,belgaum,12122,50900,2025-12-12,63022
karnataka,bellary,3524,23856,2025-12-12,27380
karnataka,bengaluru,38541,265383,2025-12-12,303924
karnataka,bengaluru rural,8,71,2025-12-12,79
karnataka,bengaluru south,326,3388,2025-12-12,3714
karnataka,bidar,6398,36661,2025-12-12,43059
karnataka,bijapur,5441,24941,2025-12-12,30382
karnataka,bijapur(kar),0,1,2025-06-11,1
karnataka,chamarajanagar,85,1025,2025-12-12,1110
karnataka,chamarajanagar *,5,51,2025-12-12,56
karnataka,chamrajanagar,2226,12985,2025-12-12,15211
karnataka,chamrajnagar,147,1789,2025-12-12,1936
karnataka,chickmagalur,886,9598,2025-12-12,10484
karnataka,chikkaballapur,4231,31990,2025-12-12,36221
karnataka,chikkamagaluru,1805,9284,2025-12-12,11089
karnataka,chikmagalur,42,670,2025-12-12,712
karnataka,chitradurga,6123,41218,2025-12-12,47341
karnataka,dakshina kannada,7839,48563,2025-12-12,56402
karnataka,davanagere,182,3004,2025-12-12,3186
karnataka,davangere,5459,28314,2025-12-12,33773
karnataka,dharwad,11753,43366,2025-12-12,55119
karnataka,gadag,7989,20755,2025-12-12,28744
karnataka,gadag *,149,698,2025-12-12,847
karnataka,gulbarga,2688,21011,2025-12-12,23699
karnataka,hasan,466,8102,2025-12-12,8568
karnataka,hassan,5817,33029,2025-12-12,38846
karnataka,haveri,14289,43341,2025-12-12,57630
karnataka,haveri *,150,814,2025-12-12,964
karnataka,kalaburagi,8200,32020,2025-12-12,40220
karnataka,kodagu,1140,10341,2025-12-12,11481
karnataka,kolar,6189,41076,2025-12-12,47265
karnataka,koppal,8068,35331,2025-12-12,43399
karnataka,mandya,4101,36160,2025-12-12,40261
karnataka,mysore,1542,19689,2025-12-12,21231
karnataka,mysuru,4695,32490,2025-12-12,37185
karnataka,raichur,7377,40787,2025-12-12,48164
karnataka,ramanagar,3637,31197,2025-12-12,34834
karnataka,shimoga,1163,14351,2025-12-12,15514
karnataka,shivamogga,4526,20225,2025-12-12,24751
karnataka,tumakuru,4312,24113,2025-12-12,28425
karnataka,tumkur,2750,23550,2025-12-12,26300
karnataka,udupi,3944,23431,2025-12-12,27375
karnataka,udupi *,0,1,2025-05-12,1
karnataka,uttara kannada,4134,26497,2025-12-12,30631
karnataka,vijayanagara,2066,12626,2025-12-12,14692
karnataka,vijayapura,8945,23026,2025-12-12,31971
karnataka,yadgir,7220,28213,2025-12-12,35433
kerala,alappuzha,2640,34195,2025-12-12,36835
kerala,ernakulam,5733,60474,2025-12-12,66207
kerala,idukki,1528,13964,2025-12-12,15492
kerala,kannur,4639,53071,2025-12-12,57710
kerala,kasaragod,2451,25907,2025-12-12,28358
kerala,kasargod,34,1835,2025-12-12,1869
kerala,kollam,4498,48602,2025-12-12,53100
kerala,kottayam,2352,27858,2025-12-12,30210
kerala,kozhikode,9275,80652,2025-12-12,89927
kerala,malappuram,10011,142379,2025-12-12,152390
kerala,palakkad,3894,46102,2025-12-12,49996
kerala,pathanamthitta,1955,19080,2025-12-12,21035
kerala,thiruvananthapuram,5373,59565,2025-12-12,64938
kerala,thrissur,4994,53826,2025-12-12,58820
kerala,wayanad,1687,16378,2025-12-12,18065
ladakh,kargil,701,1788,2025-12-12,2489
ladakh,leh,674,2572,2025-12-12,3246
lakshadweep,lakshadweep,170,1006,2025-12-12,1176
madanapalle,kadiri road,0,2,,2
madhya pradesh,agar malwa,965,8919,2025-12-12,9884
madhya pradesh,alirajpur,2001,19593,2025-12-12,21594
madhya pradesh,anuppur,3847,22348,2025-12-12,26195
madhya pradesh,ashok nagar,6092,38925,2025-12-12,45017
madhya pradesh,balaghat,13036,66256,2025-12-12,79292
madhya pradesh,barwani,12569,70190,2025-12-12,82759
madhya pradesh,betul,10942,37304,2025-12-12,48246
madhya pradesh,bhind,8411,49605,2025-12-12,58016
madhya pradesh,bhopal,10700,80164,2025-12-12,90864
madhya pradesh,burhanpur,3248,13295,2025-12-12,16543
madhya pradesh,chhatarpur,11821,68037,2025-12-12,79858
madhya pradesh,chhindwara,16975,72447,2025-12-12,89422
madhya pradesh,damoh,7014,48440,2025-12-12,55454
madhya pradesh,datia,5168,31277,2025-12-12,36445
madhya pradesh,dewas,5450,41799,2025-12-12,47249
madhya pradesh,dhar,12026,75429,2025-12-12,87455
madhya pradesh,dindori,8508,38909,2025-12-12,47417
madhya pradesh,east nimar,1078,8529,2025-12-12,9607
madhya pradesh,guna,5429,47524,2025-12-12,52953
madhya pradesh,gwalior,11375,70344,2025-12-12,81719
madhya pradesh,harda,1551,8616,2025-12-12,10167
madhya pradesh,harda *,163,1931,2025-12-12,2094
madhya pradesh,hoshangabad,2118,10285,2025-12-12,12403
madhya pradesh,indore,23118,163569,2025-12-12,186687
madhya pradesh,jabalpur,9313,82738,2025-12-12,92051
madhya pradesh,jhabua,3897,37565,2025-12-12,41462
madhya pradesh,katni,8994,47948,2025-12-12,56942
madhya pradesh,khandwa,4171,13559,2025-12-12,17730
madhya pradesh,khargone,5395,35585,2025-12-12,40980
madhya pradesh,maihar,195,3822,2025-12-12,4017
madhya pradesh,mandla,10371,46610,2025-12-12,56981
madhya pradesh,mandsaur,10108,43947,2025-12-12,54055
madhya pradesh,mauganj,169,3917,2025-12-12,4086
madhya pradesh,morena,15081,95336,2025-12-12,110417
madhya pradesh,narmadapuram,489,5420,2025-12-12,5909
madhya pradesh,narsimhapur,298,3988,2025-12-12,4286
madhya pradesh,narsinghpur,3937,22260,2025-12-12,26197
madhya pradesh,neemuch,5214,31762,2025-12-12,36976
madhya pradesh,niwari,154,1585,2025-12-12,1739
madhya pradesh,pandhurna,60,761,2025-12-12,821
madhya pradesh,panna,4984,37841,2025-12-12,42825
madhya pradesh,raisen,6174,36639,2025-12-12,42813
madhya pradesh,rajgarh,7503,34777,2025-12-12,42280
madhya pradesh,ratlam,11051,68372,2025-12-12,79423
madhya pradesh,rewa,9422,73712,2025-12-12,83134
madhya pradesh,sagar,9874,78003,2025-12-12,87877
madhya pradesh,satna,11697,75356,2025-12-12,87053
madhya pradesh,sehore,4566,23303,2025-12-12,27869
madhya pradesh,seoni,10764,63519,2025-12-12,74283
madhya pradesh,shahdol,6791,47986,2025-12-12,54777
madhya pradesh,shajapur,4315,26910,2025-12-12,31225
madhya pradesh,sheopur,5300,33506,2025-12-12,38806
madhya pradesh,shivpuri,7316,61614,2025-12-12,68930
madhya pradesh,sidhi,5976,48117,2025-12-12,54093
madhya pradesh,singrauli,8741,47963,2025-12-12,56704
madhya pradesh,tikamgarh,8041,43127,2025-12-12,51168
madhya pradesh,ujjain,10268,66440,2025-12-12,76708
madhya pradesh,umaria,3692,25933,2025-12-12,29625
madhya pradesh,vidisha,8962,40335,2025-12-12,49297
madhya pradesh,west nimar,210,1849,2025-12-12,2059
maharashtra,ahilyanagar,200,2218,2025-12-12,2418
maharashtra,ahmadnagar,8400,219267,2025-12-12,227667
maharashtra,ahmed nagar,114,5481,2025-12-12,5595
maharashtra,akola,2889,59193,2025-12-12,62082
maharashtra,amravati,5974,90217,2025-12-12,96191
maharashtra,aurangabad,8266,146863,2025-12-12,155129
maharashtra,beed,8927,162224,2025-12-12,171151
maharashtra,bhandara,1658,36236,2025-12-12,37894
maharashtra,bid,122,11796,2025-12-12,11918
maharashtra,buldana,240,22701,2025-12-12,22941
maharashtra,buldhana,4282,109890,2025-12-12,114172
maharashtra,chandrapur,3249,108822,2025-12-12,112071
maharashtra,chatrapati sambhaji nagar,770,6870,2025-12-12,7640
maharashtra,chhatrapati sambhajinagar,1424,13314,2025-12-12,14738
maharashtra,dharashiv,239,2949,2025-12-12,3188
maharashtra,dhule,3645,58263,2025-12-12,61908
maharashtra,dist : thane,0,1,,1
maharashtra,gadchiroli,2371,50327,2025-12-12,52698
maharashtra,gondia,18,957,2025-12-12,975
maharashtra,gondiya,3464,60154,2025-12-12,63618
maharashtra,gondiya *,27,1981,2025-12-12,2008
maharashtra,hingoli,2729,93822,2025-12-12,96551
maharashtra,hingoli *,0,3,2025-10-09,3
maharashtra,jalgaon,7782,143294,2025-12-12,151076
maharashtra,jalna,4102,75438,2025-12-12,79540
maharashtra,kolhapur,5819,124115,2025-12-12,129934
maharashtra,latur,5957,119670,2025-12-12,125627
maharashtra,mumbai,7094,128389,2025-12-12,135483
maharashtra,mumbai city,4950,46925,2025-12-12,51875
maharashtra,mumbai suburban,19869,173108,2025-12-12,192977
maharashtra,mumbai( sub urban ),51,3590,2025-12-12,3641
maharashtra,nagpur,13044,145857,2025-12-12,158901
maharashtra,nanded,7187,229602,2025-12-12,236789
maharashtra,nandurbar,2966,38078,2025-12-12,41044
maharashtra,nandurbar *,0,600,2025-12-12,600
maharashtra,nashik,14785,231315,2025-12-12,246100
maharashtra,osmanabad,3015,105818,2025-12-12,108833
maharashtra,palghar,9003,113104,2025-12-12,122107
maharashtra,parbhani,4432,112397,2025-12-12,116829
maharashtra,pune,32644,405834,2025-12-12,438478
maharashtra,raigad,3584,38777,2025-12-12,42361
maharashtra,raigarh,4049,81818,2025-12-12,85867
maharashtra,raigarh(mh),8,845,2025-12-12,853
maharashtra,ratnagiri,2652,50357,2025-12-12,53009
maharashtra,sangli,3462,86422,2025-12-12,89884
maharashtra,satara,3951,94272,2025-12-12,98223
maharashtra,sindhudurg,1069,26823,2025-12-12,27892
maharashtra,solapur,7735,257811,2025-12-12,265546
maharashtra,thane,36090,411163,2025-12-12,447253
maharashtra,wardha,2320,28022,2025-12-12,30342
maharashtra,washim,1584,52290,2025-12-12,53874
maharashtra,washim *,6,989,2025-12-12,995
maharashtra,yavatmal,5104,191008,2025-12-12,196112
manipur,bishnupur,5183,36872,2025-12-12,42055
manipur,chandel,1247,7742,2025-12-12,8989
manipur,churachandpur,2734,16539,2025-12-12,19273
manipur,imphal east,7534,48486,2025-12-12,56020
manipur,imphal west,7316,52034,2025-12-12,59350
manipur,jiribam,305,1692,2025-12-12,1997
manipur,kakching,600,2725,2025-12-12,3325
manipur,kangpokpi,2,1,,3
manipur,pherzawl,14,162,2025-12-12,176
manipur,senapati,4776,20734,2025-12-12,25510
manipur,tamenglong,2211,8220,2025-12-12,10431
manipur,thoubal,7639,51605,2025-12-12,59244
manipur,ukhrul,1903,13273,2025-12-12,15176
meghalaya,east garo hills,251,6094,2025-12-12,6345
meghalaya,east jaintia hills,445,2949,2025-12-12,3394
meghalaya,east khasi hills,1876,14484,2025-12-12,16360
meghalaya,eastern west khasi hills,49,257,2025-12-12,306
meghalaya,jaintia hills,1,24,2025-11-09,25
meghalaya,north garo hills,182,3650,2025-12-12,3832
meghalaya,ri bhoi,866,7350,2025-12-12,8216
meghalaya,south garo hills,250,3754,2025-12-12,4004
meghalaya,south west garo hills,493,6689,2025-12-12,7182
meghalaya,south west khasi hills,643,4097,2025-12-12,4740
meghalaya,west garo hills,1141,13829,2025-12-12,14970
meghalaya,west jaintia hills,898,6562,2025-12-12,7460
meghalaya,west khasi hills,1331,9213,2025-12-12,10544
mizoram,aizawl,1533,11359,2025-12-12,12892
mizoram,champhai,576,5893,2025-12-12,6469
mizoram,hnahthial,4,43,2025-12-12,47
mizoram,khawzawl,8,27,2025-12-09,35
mizoram,kolasib,678,3189,2025-12-12,3867
mizoram,lawngtlai,391,4004,2025-12-12,4395
mizoram,lunglei,1087,6236,2025-12-12,7323
mizoram,mamit,330,1479,2025-12-12,1809
mizoram,mammit,35,601,2025-12-12,636
mizoram,saiha,215,1636,2025-12-12,1851
mizoram,saitual,8,119,2025-12-12,127
mizoram,serchhip,437,2018,2025-12-12,2455
nagaland,chumukedima,254,1583,2025-12-12,1837
nagaland,dimapur,817,7398,2025-12-12,8215
nagaland,kiphire,261,1697,2025-12-12,1958
nagaland,kohima,276,3032,2025-12-12,3308
nagaland,longleng,132,688,2025-12-12,820
nagaland,meluri,8,88,2025-12-12,96
nagaland,mokokchung,189,2507,2025-12-12,2696
nagaland,mon,837,3825,2025-12-12,4662
nagaland,niuland,57,316,2025-12-12,373
nagaland,noklak,62,385,2025-12-12,447
nagaland,peren,391,1413,2025-12-12,1804
nagaland,phek,155,1313,2025-12-12,1468
nagaland,shamator,51,382,2025-12-12,433
nagaland,tseminyu,7,84,2025-12-11,91
nagaland,tuensang,464,3775,2025-12-12,4239
nagaland,wokha,132,1773,2025-12-12,1905
nagaland,zunheboto,221,2218,2025-12-12,2439
nagpur,near uday nagar nit garden,0,1,,1
odisha,angul,4008,25456,2025-12-12,29464
odisha,anugal,0,11,2025-12-09,11
odisha,anugul,79,1524,2025-12-12,1603
odisha,balangir,4999,32805,2025-12-12,37804
odisha,baleshwar,767,9516,2025-12-12,10283
odisha,baleswar,8027,35181,2025-12-12,43208
odisha,balianta,0,1,,1
odisha,bargarh,4540,30165,2025-12-12,34705
odisha,baudh,59,1067,2025-12-12,1126
odisha,bhadrak,6869,33174,2025-12-12,40043
odisha,bhadrak(r),0,1,2025-01-12,1
odisha,boudh,1352,7835,2025-12-12,9187
odisha,cuttack,5831,42805,2025-12-12,48636
odisha,debagarh,1020,6962,2025-12-12,7982
odisha,dhenkanal,4436,24867,2025-12-12,29303
odisha,gajapati,3254,18070,2025-12-12,21324
odisha,ganjam,12562,82023,2025-12-12,94585
odisha,jagatsinghapur,2499,13109,2025-12-12,15608
odisha,jagatsinghpur,230,4943,2025-12-12,5173
odisha,jajapur,3818,22431,2025-12-12,26249
odisha,jajpur,2609,16362,2025-12-12,18971
odisha,jharsuguda,1824,14847,2025-12-12,16671
odisha,kalahandi,5491,41886,2025-12-12,47377
odisha,kandhamal,4717,27055,2025-12-12,31772
odisha,kendrapara,5322,34358,2025-12-12,39680
odisha,kendujhar,7193,46872,2025-12-12,54065
odisha,khorda,5724,31869,2025-12-12,37593
odisha,khordha,179,4429,2025-12-12,4608
odisha,koraput,4920,36510,2025-12-12,41430
odisha,malkangiri,3367,17487,2025-12-12,20854
odisha,mayurbhanj,9764,61707,2025-12-12,71471
odisha,nabarangapur,4234,37588,2025-12-12,41822
odisha,nayagarh,3399,19496,2025-12-12,22895
odisha,nuapada,2473,15770,2025-12-12,18243
odisha,puri,3861,26976,2025-12-12,30837
odisha,rayagada,4156,27317,2025-12-12,31473
odisha,sambalpur,3679,26399,2025-12-12,30078
odisha,sonapur,2173,10990,2025-12-12,13163
odisha,subarnapur,290,4019,2025-12-12,4309
odisha,sundargarh,398,6626,2025-12-12,7024
odisha,sundergarh,5523,37152,2025-12-12,42675
orissa,angul,0,3,2025-10-12,3
orissa,anugul,15,195,2025-12-12,210
orissa,balangir,241,4549,2025-12-12,4790
orissa,baleshwar,241,1763,2025-12-12,2004
orissa,baleswar,0,6,2025-11-11,6
orissa,bargarh,44,722,2025-12-12,766
orissa,baudh,0,4,,4
orissa,bhadrak,245,2362,2025-12-12,2607
orissa,cuttack,97,1938,2025-12-12,2035
orissa,debagarh,0,7,2025-10-11,7
orissa,dhenkanal,46,634,2025-12-12,680
orissa,gajapati,1,63,2025-12-12,64
orissa,ganjam,328,3926,2025-12-12,4254
orissa,jagatsinghapur,3,78,2025-12-12,81
orissa,jajapur,51,433,2025-12-12,484
orissa,jajapur  *,0,3,2025-07-11,3
orissa,jharsuguda,12,103,2025-12-12,115
orissa,kalahandi,0,18,2025-12-09,18
orissa,kandhamal,12,261,2025-12-12,273
orissa,kendrapara,18,221,2025-12-12,239
orissa,kendujhar,12,361,2025-12-12,373
orissa,khorda,0,5,2025-12-12,5
orissa,khordha,205,3843,2025-12-12,4048
orissa,koraput,31,799,2025-12-12,830
orissa,malkangiri,15,203,2025-12-11,218
orissa,mayurbhanj,6,44,2025-12-12,50
orissa,nabarangapur,1,13,2025-11-09,14
orissa,nayagarh,47,570,2025-12-12,617
orissa,nuapada,0,2,2025-08-09,2
orissa,puri,115,1911,2025-12-12,2026
orissa,rayagada,23,875,2025-12-12,898
orissa,sambalpur,11,231,2025-12-12,242
orissa,sonapur,10,94,2025-12-12,104
orissa,subarnapur,4,47,2025-12-09,51
orissa,sundargarh,19,617,2025-12-12,636
orissa,sundergarh,0,1,2025-10-12,1
pondicherry,karaikal,34,870,2025-12-12,904
pondicherry,pondicherry,572,5755,2025-12-12,6327
pondicherry,yanam,1,227,2025-12-12,228
puducherry,karaikal,1337,4081,2025-12-12,5418
puducherry,pondicherry,6,21,2025-12-11,27
puducherry,puducherry,2736,17038,2025-12-12,19774
puducherry,yanam,10,75,2025-12-11,85
punjab,amritsar,6399,92676,2025-12-12,99075
punjab,barnala,677,12827,2025-12-12,13504
punjab,bathinda,2044,35376,2025-12-12,37420
punjab,faridkot,826,13896,2025-12-12,14722
punjab,fatehgarh sahib,932,14414,2025-12-12,15346
punjab,fazilka,2036,29626,2025-12-12,31662
punjab,ferozepur,1875,26320,2025-12-12,28195
punjab,firozpur,159,6365,2025-12-12,6524
punjab,gurdaspur,4847,67125,2025-12-12,71972
punjab,hoshiarpur,3118,43431,2025-12-12,46549
punjab,jalandhar,2995,48136,2025-12-12,51131
punjab,kapurthala,771,13101,2025-12-12,13872
punjab,ludhiana,7364,112339,2025-12-12,119703
punjab,malerkotla,1037,14062,2025-12-12,15099
punjab,mansa,1368,22187,2025-12-12,23555
punjab,moga,1304,22742,2025-12-12,24046
punjab,muktsar,102,3449,2025-12-12,3551
punjab,nawanshahr,27,2931,2025-12-12,2958
punjab,pathankot,1276,13220,2025-12-12,14496
punjab,patiala,7390,81662,2025-12-12,89052
punjab,rupnagar,1006,12699,2025-12-12,13705
punjab,s.a.s nagar(mohali),50,2271,2025-12-12,2321
punjab,sangrur,1404,28511,2025-12-12,29915
punjab,sas nagar (mohali),4590,53482,2025-12-12,58072
punjab,shaheed bhagat singh nagar,569,5775,2025-12-12,6344
punjab,sri muktsar sahib,1544,20147,2025-12-12,21691
punjab,tarn taran,1156,26259,2025-12-12,27415
puttenahalli,5th cross,0,1,,1
raja annamalai puram,near dhyana ashram,0,1,,1
rajasthan,ajmer,12323,111713,2025-12-12,124036
rajasthan,alwar,15411,129333,2025-12-12,144744
rajasthan,balotra,26,477,2025-12-12,503
rajasthan,banswara,5054,96240,2025-12-12,101294
rajasthan,baran,6373,72385,2025-12-12,78758
rajasthan,barmer,9913,101808,2025-12-12,111721
rajasthan,beawar,24,486,2025-12-12,510
rajasthan,bharatpur,9983,95080,2025-12-12,105063
rajasthan,bhilwara,7046,90693,2025-12-12,97739
rajasthan,bikaner,9014,72638,2025-12-12,81652
rajasthan,bundi,4316,44385,2025-12-12,48701
rajasthan,chittaurgarh,86,1979,2025-12-12,2065
rajasthan,chittorgarh,5411,56413,2025-12-12,61824
rajasthan,churu,8045,68052,2025-12-12,76097
rajasthan,dausa,6047,44220,2025-12-12,50267
rajasthan,deeg,117,1182,2025-12-12,1299
rajasthan,dhaulpur,15,473,2025-12-12,488
rajasthan,dholpur,8855,68700,2025-12-12,77555
rajasthan,didwana-kuchaman,66,654,2025-12-12,720
rajasthan,dungarpur,4330,90978,2025-12-12,95308
rajasthan,ganganagar,5528,63690,2025-12-12,69218
rajasthan,hanumangarh,6898,70339,2025-12-12,77237
rajasthan,jaipur,29544,245796,2025-12-12,275340
rajasthan,jaisalmer,2104,19280,2025-12-12,21384
rajasthan,jalor,4265,62425,2025-12-12,66690
rajasthan,jalore,57,979,2025-12-12,1036
rajasthan,jhalawar,6231,74861,2025-12-12,81092
rajasthan,jhunjhunu,140,2602,2025-12-12,2742
rajasthan,jhunjhunun,5831,48821,2025-12-12,54652
rajasthan,jodhpur,11482,128488,2025-12-12,139970
rajasthan,karauli,7277,51169,2025-12-12,58446
rajasthan,khairthal-tijara,73,984,2025-12-12,1057
rajasthan,kota,9075,83991,2025-12-12,93066
rajasthan,kotputli-behror,49,480,2025-12-12,529
rajasthan,nagaur,10343,93084,2025-12-12,103427
rajasthan,pali,5398,60939,2025-12-12,66337
rajasthan,phalodi,14,190,2025-12-12,204
rajasthan,pratapgarh,3448,45108,2025-12-12,48556
rajasthan,rajsamand,4623,42547,2025-12-12,47170
rajasthan,salumbar,20,193,2025-12-12,213
rajasthan,sawai madhopur,4617,40538,2025-12-12,45155
rajasthan,sikar,9034,69303,2025-12-12,78337
rajasthan,sirohi,3803,37490,2025-12-12,41293
rajasthan,tonk,5975,50653,2025-12-12,56628
rajasthan,udaipur,8940,118552,2025-12-12,127492
sikkim,east,406,5461,2025-12-12,5867
sikkim,east sikkim,349,3164,2025-12-12,3513
sikkim,mangan,0,67,2025-12-12,67
sikkim,namchi,6,276,2025-12-12,282
sikkim,north,46,397,2025-12-12,443
sikkim,north sikkim,59,387,2025-12-12,446
sikkim,south,156,3583,2025-12-12,3739
sikkim,south sikkim,133,1276,2025-12-12,1409
sikkim,west,194,2359,2025-12-12,2553
sikkim,west sikkim,206,1815,2025-12-12,2021
tamil nadu,ariyalur,4536,18815,2025-12-12,23351
tamil nadu,chengalpattu,2251,19282,2025-12-12,21533
tamil nadu,chennai,17927,130441,2025-12-12,148368
tamil nadu,coimbatore,13326,104412,2025-12-12,117738
tamil nadu,cuddalore,11218,70377,2025-12-12,81595
tamil nadu,dharmapuri,7202,34178,2025-12-12,41380
tamil nadu,dindigul,8508,49069,2025-12-12,57577
tamil nadu,erode,7821,60588,2025-12-12,68409
tamil nadu,kallakurichi,1585,9205,2025-12-12,10790
tamil nadu,kancheepuram,19692,121601,2025-12-12,141293
tamil nadu,kanchipuram,0,8,2025-11-12,8
tamil nadu,kanniyakumari,6227,32451,2025-12-12,38678
tamil nadu,kanyakumari,4020,16676,2025-12-12,20696
tamil nadu,karur,3590,23754,2025-12-12,27344
tamil nadu,krishnagiri,9282,52627,2025-12-12,61909
tamil nadu,madurai,15130,90922,2025-12-12,106052
tamil nadu,mayiladuthurai,470,3132,2025-12-12,3602
tamil nadu,nagapattinam,3961,34068,2025-12-12,38029
tamil nadu,namakkal,9009,36807,2025-12-12,45816
tamil nadu,perambalur,3307,12354,2025-12-12,15661
tamil nadu,pudukkottai,7347,44710,2025-12-12,52057
tamil nadu,ramanathapuram,5157,33134,2025-12-12,38291
tamil nadu,ranipet,190,1200,2025-12-12,1390
tamil nadu,salem,15487,90884,2025-12-12,106371
tamil nadu,sivaganga,5391,28905,2025-12-12,34296
tamil nadu,tenkasi,1825,8195,2025-12-12,10020
tamil nadu,thanjavur,11625,65210,2025-12-12,76835
tamil nadu,the nilgiris,2420,12853,2025-12-12,15273
tamil nadu,theni,4918,33858,2025-12-12,38776
tamil nadu,thiruvallur,104,1719,2025-12-12,1823
tamil nadu,thiruvarur,5041,32739,2025-12-12,37780
tamil nadu,thoothukkudi,6827,37868,2025-12-12,44695
tamil nadu,tiruchirappalli,11294,62387,2025-12-12,73681
tamil nadu,tirunelveli,14714,65176,2025-12-12,79890
tamil nadu,tirupathur,10,83,2025-12-12,93
tamil nadu,tirupattur,1189,8163,2025-12-12,9352
tamil nadu,tiruppur,12574,73372,2025-12-12,85946
tamil nadu,tiruvallur,18319,130089,2025-12-12,148408
tamil nadu,tiruvannamalai,9251,55967,2025-12-12,65218
tamil nadu,tiruvarur,0,2,,2
tamil nadu,tuticorin,0,4,,4
tamil nadu,vellore,11895,77505,2025-12-12,89400
tamil nadu,villupuram,9988,29580,2025-12-12,39568
tamil nadu,viluppuram,2249,33539,2025-12-12,35788
tamil nadu,virudhunagar,8761,48681,2025-12-12,57442
telangana,adilabad,6413,39597,2025-12-12,46010
telangana,bhadradri kothagudem,5559,28170,2025-12-12,33729
telangana,hanumakonda,1914,17061,2025-12-12,18975
telangana,hyderabad,31935,184522,2025-12-12,216457
telangana,jagitial,1965,14334,2025-12-12,16299
telangana,jangaon,93,709,2025-12-12,802
telangana,jangoan,1561,15339,2025-12-12,16900
telangana,jayashankar bhupalpally,1380,14881,2025-12-12,16261
telangana,jogulamba gadwal,6843,26733,2025-12-12,33576
telangana,k.v.rangareddy,31619,165711,2025-12-12,197330
telangana,kamareddy,3541,20904,2025-12-12,24445
telangana,karimnagar,9393,68602,2025-12-12,77995
telangana,khammam,8152,45656,2025-12-12,53808
telangana,komaram bheem,3729,23729,2025-12-12,27458
telangana,mahabubabad,2613,20797,2025-12-12,23410
telangana,mahabubnagar,22869,73557,2025-12-12,96426
telangana,mancherial,3062,24061,2025-12-12,27123
telangana,medak,8929,46040,2025-12-12,54969
telangana,medchal-malkajgiri,13782,71470,2025-12-12,85252
telangana,medchal?malkajgiri,89,261,2025-04-11,350
telangana,medchalâmalkajgiri,0,1,,1
telangana,medchal−malkajgiri,425,1252,2025-12-12,1677
telangana,mulugu,1318,10380,2025-12-12,11698
telangana,nagarkurnool,2811,17359,2025-12-12,20170
telangana,nalgonda,10853,66588,2025-12-12,77441
telangana,narayanpet,2346,14386,2025-12-12,16732
telangana,nirmal,4519,29327,2025-12-12,33846
telangana,nizamabad,11080,55895,2025-12-12,66975
telangana,peddapalli,919,9008,2025-12-12,9927
telangana,rajanna sircilla,1426,9739,2025-12-12,11165
telangana,rangareddy,734,4828,2025-12-12,5562
telangana,sangareddy,6437,30851,2025-12-12,37288
telangana,siddipet,4466,31495,2025-12-12,35961
telangana,suryapet,4565,41224,2025-12-12,45789
telangana,vikarabad,8873,51676,2025-12-12,60549
telangana,wanaparthy,4167,21013,2025-12-12,25180
telangana,warangal,5476,23625,2025-12-12,29101
telangana,warangal (urban),11,110,2025-12-11,121
telangana,warangal rural,1082,16618,2025-12-12,17700
telangana,warangal urban,1821,13757,2025-12-12,15578
telangana,yadadri.,3489,36383,2025-12-12,39872
tripura,dhalai,1334,14091,2025-12-12,15425
tripura,dhalai  *,14,378,2025-12-12,392
tripura,gomati,1461,8300,2025-12-12,9761
tripura,khowai,514,2997,2025-12-12,3511
tripura,north tripura,1058,13873,2025-12-12,14931
tripura,sepahijala,1094,14231,2025-12-12,15325
tripura,south tripura,2536,28143,2025-12-12,30679
tripura,unakoti,499,3144,2025-12-12,3643
tripura,west tripura,3281,41065,2025-12-12,44346
uttar pradesh,agra,18477,157476,2025-12-12,175953
uttar pradesh,aligarh,15788,170674,2025-12-12,186462
uttar pradesh,allahabad,18792,167503,2025-12-12,186295
uttar pradesh,ambedkar nagar,8036,67720,2025-12-12,75756
uttar pradesh,amethi,7282,68998,2025-12-12,76280
uttar pradesh,amroha,7277,83025,2025-12-12,90302
uttar pradesh,auraiya,5621,46178,2025-12-12,51799
uttar pradesh,ayodhya,1751,13526,2025-12-12,15277
uttar pradesh,azamgarh,17812,141977,2025-12-12,159789
uttar pradesh,baghpat,5208,49700,2025-12-12,54908
uttar pradesh,baghpat *,1,2,,3
uttar pradesh,bagpat,2,8,2025-10-12,10
uttar pradesh,bahraich,10401,119296,2025-12-12,129697
uttar pradesh,ballia,12808,92140,2025-12-12,104948
uttar pradesh,balrampur,5318,72758,2025-12-12,78076
uttar pradesh,banda,5285,64150,2025-12-12,69435
uttar pradesh,bara banki,8729,101238,2025-12-12,109967
uttar pradesh,barabanki,161,4799,2025-12-12,4960
uttar pradesh,bareilly,21442,220300,2025-12-12,241742
uttar pradesh,basti,8964,75846,2025-12-12,84810
uttar pradesh,bhadohi,1463,10317,2025-12-12,11780
uttar pradesh,bijnor,17345,209514,2025-12-12,226859
uttar pradesh,budaun,14396,156943,2025-12-12,171339
uttar pradesh,bulandshahar,28,635,2025-12-12,663
uttar pradesh,bulandshahr,18691,156066,2025-12-12,174757
uttar pradesh,chandauli,10053,83550,2025-12-12,93603
uttar pradesh,chandauli *,1,0,,1
uttar pradesh,chitrakoot,3931,40615,2025-12-12,44546
uttar pradesh,chitrakoot *,0,1,,1
uttar pradesh,deoria,12422,96829,2025-12-12,109251
uttar pradesh,etah,6180,55711,2025-12-12,61891
uttar pradesh,etawah,6640,55440,2025-12-12,62080
uttar pradesh,faizabad,6794,63185,2025-12-12,69979
uttar pradesh,farrukhabad,6288,63850,2025-12-12,70138
uttar pradesh,fatehpur,9425,97695,2025-12-12,107120
uttar pradesh,firozabad,11620,127581,2025-12-12,139201
uttar pradesh,gautam buddha nagar,15292,138699,2025-12-12,153991
uttar pradesh,ghaziabad,20582,219179,2025-12-12,239761
uttar pradesh,ghazipur,16498,111342,2025-12-12,127840
uttar pradesh,gonda,10986,114930,2025-12-12,125916
uttar pradesh,gorakhpur,18079,140786,2025-12-12,158865
uttar pradesh,hamirpur,2986,39454,2025-12-12,42440
uttar pradesh,hapur,4518,39764,2025-12-12,44282
uttar pradesh,hardoi,11832,132119,2025-12-12,143951
uttar pradesh,hathras,5978,54680,2025-12-12,60658
uttar pradesh,jalaun,4466,56207,2025-12-12,60673
uttar pradesh,jaunpur,19038,136703,2025-12-12,155741
uttar pradesh,jhansi,5591,66250,2025-12-12,71841
uttar pradesh,jyotiba phule nagar,6,599,2025-12-12,605
uttar pradesh,jyotiba phule nagar *,0,1,2025-09-11,1
uttar pradesh,kannauj,6283,53404,2025-12-12,59687
uttar pradesh,kanpur dehat,7310,64779,2025-12-12,72089
uttar pradesh,kanpur nagar,13567,156558,2025-12-12,170125
uttar pradesh,kasganj,4352,45355,2025-12-12,49707
uttar pradesh,kaushambi,8798,68214,2025-12-12,77012
uttar pradesh,kheri,12160,170938,2025-12-12,183098
uttar pradesh,kushinagar,18705,148550,2025-12-12,167255
uttar pradesh,kushinagar *,6,134,2025-12-12,140
uttar pradesh,lalitpur,4072,42730,2025-12-12,46802
uttar pradesh,lucknow,15779,193697,2025-12-12,209476
uttar pradesh,maharajganj,11712,97186,2025-12-12,108898
uttar pradesh,mahoba,2633,29671,2025-12-12,32304
uttar pradesh,mahrajganj,7,37,2025-12-12,44
uttar pradesh,mainpuri,6552,62889,2025-12-12,69441
uttar pradesh,mathura,11308,97981,2025-12-12,109289
uttar pradesh,mau,9992,77708,2025-12-12,87700
uttar pradesh,meerut,13508,153711,2025-12-12,167219
uttar pradesh,mirzapur,8758,78518,2025-12-12,87276
uttar pradesh,moradabad,13369,150136,2025-12-12,163505
uttar pradesh,muzaffarnagar,12022,123611,2025-12-12,135633
uttar pradesh,pilibhit,11012,125251,2025-12-12,136263
uttar pradesh,pratapgarh,10372,94358,2025-12-12,104730
uttar pradesh,prayagraj,3121,25906,2025-12-12,29027
uttar pradesh,rae bareli,10271,97982,2025-12-12,108253
uttar pradesh,raebareli,1,13,2025-11-09,14
uttar pradesh,rampur,12350,143168,2025-12-12,155518
uttar pradesh,saharanpur,13397,154417,2025-12-12,167814
uttar pradesh,sambhal,8117,91472,2025-12-12,99589
uttar pradesh,sant kabir nagar,7684,71522,2025-12-12,79206
uttar pradesh,sant ravidas nagar,5889,43274,2025-12-12,49163
uttar pradesh,sant ravidas nagar bhadohi,20,277,2025-12-12,297
uttar pradesh,shahjahanpur,13197,136275,2025-12-12,149472
uttar pradesh,shamli,7228,68386,2025-12-12,75614
uttar pradesh,shrawasti,4345,58376,2025-12-12,62721
uttar pradesh,siddharthnagar,9289,84354,2025-12-12,93643
uttar pradesh,sitapur,12130,157192,2025-12-12,169322
uttar pradesh,sonbhadra,6874,65203,2025-12-12,72077
uttar pradesh,sultanpur,9519,73102,2025-12-12,82621
uttar pradesh,unnao,9141,115402,2025-12-12,124543
uttar pradesh,varanasi,15174,144324,2025-12-12,159498
uttarakhand,almora,1843,13943,2025-12-12,15786
uttarakhand,bageshwar,934,5994,2025-12-12,6928
uttarakhand,chamoli,1179,10611,2025-12-12,11790
uttarakhand,champawat,1372,11133,2025-12-12,12505
uttarakhand,dehradun,7573,75049,2025-12-12,82622
uttarakhand,garhwal,16,388,2025-12-12,404
uttarakhand,hardwar,32,1155,2025-12-12,1187
uttarakhand,haridwar,6779,62121,2025-12-12,68900
uttarakhand,nainital,6093,43007,2025-12-12,49100
uttarakhand,pauri garhwal,2138,18992,2025-12-12,21130
uttarakhand,pithoragarh,1538,13164,2025-12-12,14702
uttarakhand,rudraprayag,830,7004,2025-12-12,7834
uttarakhand,tehri garhwal,2715,23151,2025-12-12,25866
uttarakhand,udham singh nagar,15488,119374,2025-12-12,134862
uttarakhand,uttarkashi,1396,8625,2025-12-12,10021
uttaranchal,tehri garhwal,0,2,,2
uttaranchal,udham singh nagar *,0,3,,3
west  bengal,hooghly,6,101,2025-12-12,107
west bangal,hooghly,1,92,2025-12-12,93
west bangal,howrah,3,48,2025-12-11,51
west bangal,south 24 parganas,0,13,2025-04-11,13
west bengal,alipurduar,1375,9459,2025-12-12,10834
west bengal,bally jagachha,0,1,,1
west bengal,bankura,9441,136386,2025-12-12,145827
west bengal,bardhaman,10222,183428,2025-12-12,193650
west bengal,birbhum,11252,140111,2025-12-12,151363
west bengal,cooch behar,10291,112568,2025-12-12,122859
west bengal,dakshin dinajpur,4998,79280,2025-12-12,84278
west bengal,darjeeling,2757,50880,2025-12-12,53637
west bengal,darjiling,58,8213,2025-12-12,8271
west bengal,domjur,0,2,,2
west bengal,east midnapore,653,24598,2025-12-12,25251
west bengal,east midnapur,2,18,2025-12-09,20
west bengal,haora,354,39541,2025-12-12,39895
west bengal,hawrah,0,32,2025-12-09,32
west bengal,hooghiy,1,31,2025-06-09,32
west bengal,hooghly,9396,172437,2025-12-12,181833
west bengal,howrah,6395,101389,2025-12-12,107784
west bengal,hugli,16,1248,2025-12-12,1264
west bengal,jalpaiguri,8504,179007,2025-12-12,187511
west bengal,jhargram,835,6423,2025-12-12,7258
west bengal,kalimpong,204,2177,2025-12-12,2381
west bengal,koch bihar,427,70660,2025-12-12,71087
west bengal,kolkata,3616,102883,2025-12-12,106499
west bengal,malda,18045,200989,2025-12-12,219034
west bengal,medinipur,11,167,2025-12-12,178
west bengal,murshidabad,31110,340843,2025-12-12,371953
west bengal,nadia,9451,182892,2025-12-12,192343
west bengal,naihati anandabazar,0,2,,2
west bengal,north 24 parganas,15020,275457,2025-12-12,290477
west bengal,north dinajpur,86,4815,2025-12-12,4901
west bengal,north twenty four parganas,279,19456,2025-12-12,19735
west bengal,paschim bardhaman,1400,15281,2025-12-12,16681
west bengal,paschim medinipur,14645,199535,2025-12-12,214180
west bengal,purba bardhaman,2464,21987,2025-12-12,24451
west bengal,purba medinipur,9860,93569,2025-12-12,103429
west bengal,purulia,385,6924,2025-12-12,7309
west bengal,puruliya,12343,142695,2025-12-12,155038
west bengal,south  twenty four parganas,0,5,2025-10-12,5
west bengal,south 24 pargana,2,27,2025-12-09,29
west bengal,south 24 parganas,27728,373459,2025-12-12,401187
west bengal,south dinajpur,79,6740,2025-12-12,6819
west bengal,south dumdum(m),0,8,2025-12-12,8
west bengal,south twenty four parganas,814,41252,2025-12-12,42066
west bengal,uttar dinajpur,17577,252655,2025-12-12,270232
west bengal,west medinipur,0,12,2025-11-12,12
west bengal,west midnapore,455,30225,2025-12-12,30680
west bengli,hooghly,0,3,2025-06-11,3
westbengal,hooghly,0,144,2025-12-12,144
westbengal,howrah,0,8,2025-12-11,8
